Workbook

Sheet Dashboard
B2: Wealth Management — Client Portfolio & CRM Dashboard
B3: Live KPIs drawn from Client_Master, Interactions, Service_Requests, and Meeting_Prep
C5: TOTAL CLIENTS | E5: TOTAL AUM | G5: ACTIVE CLIENTS | I5: OPEN SERVICE REQUESTS
C6: =COUNTA(Client_Master!C3:C42) -> 40 | E6: =SUM(Client_Master!G3:G42) -> 132744494 | G6: =COUNTIF(Client_Master!J3:J42,"Active") -> 33 | I6: =COUNTIFS(Service_Requests!H3:H47,"<>Closed") -> 34
C9: OVERDUE SLA REQUESTS | E9: UPCOMING REVIEWS (30D) | G9: INTERACTIONS (90D) | I9: AVG AUM / CLIENT
C10: =COUNTIF(Service_Requests!L3:L47,"Overdue") -> 30 | E10: =COUNTIFS(Client_Master!I3:I42,">="&DATE(2026,7,21),Client_Master!I3:I42,"<="&DATE(2026,7,21)+30) -> 14 | G10: =COUNTIFS(Interactions!B3:B72,">="&DATE(2026,7,21)-90) -> 0 | I10: =AVERAGE(Client_Master!G3:G42) -> 3318612.4
C14: AUM by Client Segment | F14: Service Requests by Status | I14: Interactions by Month
C15: Mass Affluent | D15: =SUMIF(Client_Master!D3:D42,C15,Client_Master!G3:G42) -> 12423890 | F15: Open | G15: =COUNTIF(Service_Requests!H3:H47,F15) -> 11 | I15: Feb 2026 | J15: =SUMPRODUCT((YEAR(Interactions!B3:B72)=2026)*(MONTH(Interactions!B3:B72)=2)) -> 9
C16: High Net Worth | D16: =SUMIF(Client_Master!D3:D42,C16,Client_Master!G3:G42) -> 32510703 | F16: In Progress | G16: =COUNTIF(Service_Requests!H3:H47,F16) -> 12 | I16: Mar 2026 | J16: =SUMPRODUCT((YEAR(Interactions!B3:B72)=2026)*(MONTH(Interactions!B3:B72)=3)) -> 11
C17: Ultra High Net Worth | D17: =SUMIF(Client_Master!D3:D42,C17,Client_Master!G3:G42) -> 87809901 | F17: Pending Client | G17: =COUNTIF(Service_Requests!H3:H47,F17) -> 11 | I17: Apr 2026 | J17: =SUMPRODUCT((YEAR(Interactions!B3:B72)=2026)*(MONTH(Interactions!B3:B72)=4)) -> 23
F18: Closed | G18: =COUNTIF(Service_Requests!H3:H47,F18) -> 11 | I18: May 2026 | J18: =SUMPRODUCT((YEAR(Interactions!B3:B72)=2026)*(MONTH(Interactions!B3:B72)=5)) -> 8
I19: Jun 2026 | J19: =SUMPRODUCT((YEAR(Interactions!B3:B72)=2026)*(MONTH(Interactions!B3:B72)=6)) -> 10
I20: Jul 2026 | J20: =SUMPRODUCT((YEAR(Interactions!B3:B72)=2026)*(MONTH(Interactions!B3:B72)=7)) -> 6
C40: Note: All KPIs are live Excel formulas (COUNTIF/SUMIF/SUMPRODUCT). Data is illustrative sample data. Refresh by editing the source sheets.

Sheet Client_Master
B2: Client ID | C2: Client Name | D2: Segment | E2: Advisor | F2: Acquisition Date | G2: Total AUM ($) | H2: Risk Profile | I2: Next Review Date | J2: Status
B3: C0001 | C3: William Yamamoto | D3: High Net Worth | E3: A. Rivera | F3: 46002 | G3: 3838283 | H3: Conservative | I3: 46254 | J3: Active
B4: C0002 | C4: Joseph Quinn | D4: High Net Worth | E4: J. Novak | F4: 45974 | G4: 1111299 | H4: Moderate | I4: 46191 | J4: Active
B5: C0003 | C5: Sarah Brooks | D5: High Net Worth | E5: A. Rivera | F5: 44386 | G5: 4182668 | H5: Moderate | I5: 46240 | J5: Active
B6: C0004 | C6: Nancy Davidson | D6: High Net Worth | E6: A. Rivera | F6: 44711 | G6: 2593530 | H6: Conservative | I6: 46255 | J6: Active
B7: C0005 | C7: Robert Yamamoto | D7: Mass Affluent | E7: K. Osei | F7: 44696 | G7: 812275 | H7: Conservative | I7: 46338 | J7: Active
B8: C0006 | C8: Carol Ellis | D8: Ultra High Net Worth | E8: S. Patel | F8: 44554 | G8: 11452134 | H8: Conservative | I8: 46204 | J8: Active
B9: C0007 | C9: Joseph Delgado | D9: Mass Affluent | E9: A. Rivera | F9: 45171 | G9: 648591 | H9: Growth | I9: 46258 | J9: Dormant
B10: C0008 | C10: Susan Vasquez | D10: Mass Affluent | E10: S. Patel | F10: 44610 | G10: 929514 | H10: Conservative | I10: 46225 | J10: Active
B11: C0009 | C11: David O'Brien | D11: High Net Worth | E11: K. Osei | F11: 45404 | G11: 2132243 | H11: Moderate | I11: 46320 | J11: Active
B12: C0010 | C12: Christopher Mitchell | D12: High Net Worth | E12: S. Patel | F12: 45875 | G12: 1277615 | H12: Moderate | I12: 46242 | J12: Active
B13: C0011 | C13: Margaret Ellis | D13: Ultra High Net Worth | E13: K. Osei | F13: 44816 | G13: 9793975 | H13: Growth | I13: 46238 | J13: Active
B14: C0012 | C14: Michelle Mitchell | D14: Mass Affluent | E14: S. Patel | F14: 45028 | G14: 479974 | H14: Moderate | I14: 46333 | J14: Active
... B42: C0040 | C42: Mark Reynolds | D42: Mass Affluent | E42: K. Osei | F42: 45569 | G42: 838153 | H42: Conservative | I42: 46251 | J42: Active

Sheet Interactions
B2: Date | C2: Client ID | D2: Client Name | E2: Channel | F2: Interaction Type | G2: Advisor | H2: Outcome
B3: 2026-01-24 | C3: C0020 | D3: Joshua Nelson | E3: Secure Message | F3: Portfolio Review | G3: J. Novak | H3: Completed
B4: 2026-01-25 | C4: C0016 | D4: Karen Cohen | E4: Email | F4: Rate Inquiry | G4: J. Novak | H4: Completed
B5: 2026-01-31 | C5: C0008 | D5: Susan Vasquez | E5: Secure Message | F5: Service Request | G5: K. Osei | H5: Completed
B6: 2026-02-01 | C6: C0007 | D6: Joseph Delgado | E6: Email | F6: Beneficiary Update | G6: K. Osei | H6: Completed
B7: 2026-02-02 | C7: C0008 | D7: Susan Vasquez | E7: Email | F7: Beneficiary Update | G7: S. Patel | H7: Scheduled
B8: 2026-02-03 | C8: C0006 | D8: Carol Ellis | E8: Email | F8: Beneficiary Update | G8: J. Novak | H8: Completed
B9: 2026-02-05 | C9: C0005 | D9: Robert Yamamoto | E9: In-person | F9: Portfolio Review | G9: M. Chen | H9: Completed
B10: 2026-02-07 | C10: C0033 | D10: Michelle Sullivan | E10: Video | F10: Rate Inquiry | G10: J. Novak | H10: Completed
B11: 2026-02-11 | C11: C0016 | D11: Karen Cohen | E11: Email | F11: Financial Planning | G11: A. Rivera | H11: Completed
B12: 2026-02-15 | C12: C0033 | D12: Michelle Sullivan | E12: Video | F12: Beneficiary Update | G12: K. Osei | H12: Completed
B13: 2026-02-22 | C13: C0036 | D13: Lisa Jennings | E13: Phone | F13: Financial Planning | G13: M. Chen | H13: Completed
... B72: 2026-07-16 | C72: C0040 | D72: Mark Reynolds | E72: Phone | F72: Service Request | G72: M. Chen | H72: Scheduled

Sheet Service_Requests
B2: Request ID | C2: Client ID | D2: Client Name | E2: Date Opened | F2: Request Type | G2: Priority | H2: Status | I2: Owner | J2: Days Open | K2: SLA (5d) | L2: SLA Status
B3: SR0001 | C3: C0036 | D3: Lisa Jennings | E3: 46221 | F3: Account Opening | G3: Medium | H3: In Progress | I3: K. Osei | J3: =DATE(2026,7,21)-E3 -> 3 | K3: 5 | L3: =IF(H3="Closed","Closed",IF(J3>K3,"Overdue","On Track")) -> On Track
B4: SR0002 | C4: C0001 | D4: William Yamamoto | E4: 46218 | F4: Address Update | G4: Medium | H4: Pending Client | I4: S. Patel | J4: =DATE(2026,7,21)-E4 -> 6 | K4: 5 | L4: =IF(H4="Closed","Closed",IF(J4>K4,"Overdue","On Track")) -> Overdue
B5: SR0003 | C5: C0004 | D5: Nancy Davidson | E5: 46213 | F5: Trust Funding | G5: Medium | H5: In Progress | I5: A. Rivera | J5: =DATE(2026,7,21)-E5 -> 11 | K5: 5 | L5: =IF(H5="Closed","Closed",IF(J5>K5,"Overdue","On Track")) -> Overdue
B6: SR0004 | C6: C0032 | D6: Jessica Mitchell | E6: 46199 | F6: RMD Setup | G6: Medium | H6: Open | I6: M. Chen | J6: =DATE(2026,7,21)-E6 -> 25 | K6: 5 | L6: =IF(H6="Closed","Closed",IF(J6>K6,"Overdue","On Track")) -> Overdue
B7: SR0005 | C7: C0037 | D7: Michael Ellis | E7: 46215 | F7: Wire Transfer | G7: Urgent | H7: Closed | I7: A. Rivera | J7: =DATE(2026,7,21)-E7 -> 9 | K7: 5 | L7: =IF(H7="Closed","Closed",IF(J7>K7,"Overdue","On Track")) -> Closed
B8: SR0006 | C8: C0027 | D8: Donna Davidson | E8: 46189 | F8: Trust Funding | G8: Medium | H8: Pending Client | I8: J. Novak | J8: =DATE(2026,7,21)-E8 -> 35 | K8: 5 | L8: =IF(H8="Closed","Closed",IF(J8>K8,"Overdue","On Track")) -> Overdue
B9: SR0007 | C9: C0029 | D9: Ashley Jennings | E9: 46200 | F9: Beneficiary Change | G9: High | H9: Closed | I9: K. Osei | J9: =DATE(2026,7,21)-E9 -> 24 | K9: 5 | L9: =IF(H9="Closed","Closed",IF(J9>K9,"Overdue","On Track")) -> Closed
B10: SR0008 | C10: C0037 | D10: Michael Ellis | E10: 46205 | F10: Statement Request | G10: Urgent | H10: Pending Client | I10: A. Rivera | J10: =DATE(2026,7,21)-E10 -> 19 | K10: 5 | L10: =IF(H10="Closed","Closed",IF(J10>K10,"Overdue","On Track")) -> Overdue
B11: SR0009 | C11: C0014 | D11: Donna Delgado | E11: 46164 | F11: Beneficiary Change | G11: Medium | H11: Pending Client | I11: M. Chen | J11: =DATE(2026,7,21)-E11 -> 60 | K11: 5 | L11: =IF(H11="Closed","Closed",IF(J11>K11,"Overdue","On Track")) -> Overdue
B12: SR0010 | C12: C0012 | D12: Michelle Mitchell | E12: 46209 | F12: Account Opening | G12: Low | H12: Pending Client | I12: K. Osei | J12: =DATE(2026,7,21)-E12 -> 15 | K12: 5 | L12: =IF(H12="Closed","Closed",IF(J12>K12,"Overdue","On Track")) -> Overdue
B13: SR0011 | C13: C0039 | D13: Sandra Cohen | E13: 46180 | F13: Wire Transfer | G13: Low | H13: In Progress | I13: S. Patel | J13: =DATE(2026,7,21)-E13 -> 44 | K13: 5 | L13: =IF(H13="Closed","Closed",IF(J13>K13,"Overdue","On Track")) -> Overdue
B14: SR0012 | C14: C0030 | D14: Michelle Yamamoto | E14: 46180 | F14: Account Opening | G14: Urgent | H14: Open | I14: J. Novak | J14: =DATE(2026,7,21)-E14 -> 44 | K14: 5 | L14: =IF(H14="Closed","Closed",IF(J14>K14,"Overdue","On Track")) -> Overdue
... B47: SR0045 | C47: C0021 | D47: Mark Davidson | E47: 46200 | F47: Trust Funding | G47: Medium | H47: Pending Client | I47: J. Novak | J47: =DATE(2026,7,21)-E47 -> 24 | K47: 5 | L47: =IF(H47="Closed","Closed",IF(J47>K47,"Overdue","On Track")) -> Overdue

Sheet Meeting_Prep
B2: Meeting Date | C2: Client ID | D2: Client Name | E2: Segment | F2: Purpose | G2: Materials Ready | H2: Advisor | I2: Days Until Meeting
B3: 46228 | C3: C0021 | D3: Mark Davidson | E3: Mass Affluent | F3: New Account | G3: Yes | H3: S. Patel | I3: =DATE(2026,7,21)-B3 -> -4
B4: 46230 | C4: C0015 | D4: David O'Brien | E4: High Net Worth | F4: Estate Planning | G4: Yes | H4: A. Rivera | I4: =DATE(2026,7,21)-B4 -> -6
B5: 46231 | C5: C0031 | D5: Emily Foster | E5: Mass Affluent | F5: Quarterly Check-in | G5: Yes | H5: J. Novak | I5: =DATE(2026,7,21)-B5 -> -7
B6: 46234 | C6: C0028 | D6: Donald Gallagher | E6: Ultra High Net Worth | F6: Quarterly Check-in | G6: No | H6: K. Osei | I6: =DATE(2026,7,21)-B6 -> -10
B7: 46235 | C7: C0029 | D7: Ashley Jennings | E7: Mass Affluent | F7: New Account | G7: Yes | H7: A. Rivera | I7: =DATE(2026,7,21)-B7 -> -11
B8: 46239 | C8: C0019 | D8: Paul Zimmerman | E8: Mass Affluent | F8: Tax Strategy | G8: Yes | H8: M. Chen | I8: =DATE(2026,7,21)-B8 -> -15
B9: 46243 | C9: C0030 | D9: Michelle Yamamoto | E9: Mass Affluent | F9: Tax Strategy | G9: Yes | H9: A. Rivera | I9: =DATE(2026,7,21)-B9 -> -19
B10: 46247 | C10: C0029 | D10: Ashley Jennings | E10: Mass Affluent | F10: Tax Strategy | G10: Yes | H10: K. Osei | I10: =DATE(2026,7,21)-B10 -> -23
B11: 46254 | C11: C0017 | D11: Emily Friedman | E11: Mass Affluent | F11: New Account | G11: No | H11: A. Rivera | I11: =DATE(2026,7,21)-B11 -> -30
B12: 46254 | C12: C0017 | D12: Emily Friedman | E12: Mass Affluent | F12: New Account | G12: Yes | H12: K. Osei | I12: =DATE(2026,7,21)-B12 -> -30
B13: 46261 | C13: C0023 | D13: Sarah Vasquez | E13: Ultra High Net Worth | F13: New Account | G13: No | H13: S. Patel | I13: =DATE(2026,7,21)-B13 -> -37
B14: 46262 | C14: C0032 | D14: Jessica Mitchell | E14: High Net Worth | F14: Quarterly Check-in | G14: Yes | H14: K. Osei | I14: =DATE(2026,7,21)-B14 -> -38
... B20: 46268 | C20: C0037 | D20: Michael Ellis | E20: High Net Worth | F20: Annual Review | G20: No | H20: K. Osei | I20: =DATE(2026,7,21)-B20 -> -44
