Workbook

Sheet Dashboard
B2: Account Onboarding & Compliance Tracker
B3: Live pipeline, documentation completeness, KYC/AML status, and SLA breach monitoring
C5: TOTAL APPLICATIONS | E5: ACCOUNTS OPENED | G5: PENDING DOCUMENTATION | I5: OPEN EXCEPTIONS
C6: =COUNTA(Onboarding_Pipeline!C3:C32) -> 30 | E6: =COUNTIF(Onboarding_Pipeline!G3:G32,"Opened") -> 11 | G6: =COUNTIF(Onboarding_Pipeline!G3:G32,"Docs Outstanding") -> 4 | I6: =COUNTIF(Exceptions_Log!H3:H20,"Open") -> 8
C9: KYC CLEARED % | E9: AVG DAYS TO OPEN | G9: AVG COMPLETENESS | I9: SLA BREACHES
C10: =COUNTIF(Onboarding_Pipeline!I3:I32,"Cleared")/COUNTA(Onboarding_Pipeline!I3:I32) -> 0.36666667 | E10: =AVERAGE(Onboarding_Pipeline!H3:H32) -> 39.7 | G10: =AVERAGE(Onboarding_Pipeline!L3:L32) -> 0.59424603 | I10: =COUNTIF(SLA_Summary!G4:G10,"BREACH") -> 5
C14: Pipeline by Status | F14: Missing Docs by Type | I14: Weekly Openings
C15: Submitted | D15: =COUNTIF(Onboarding_Pipeline!G3:G32,C15) -> 5 | F15: Government ID | G15: =COUNTIFS(Documentation_Checklist!D3:D242,F15,Documentation_Checklist!F3:F242,"Pending") -> 13 | I15: W1 | J15: =SUMPRODUCT((Onboarding_Pipeline!F3:F32>=DATE(2026,6,10))*(Onboarding_Pipeline!F3:F32<=DATE(2026,6,16))*(Onboarding_Pipeline!G3:G32="Opened")) -> 2
C16: In Review | D16: =COUNTIF(Onboarding_Pipeline!G3:G32,C16) -> 4 | F16: Proof of Address | G16: =COUNTIFS(Documentation_Checklist!D3:D242,F16,Documentation_Checklist!F3:F242,"Pending") -> 11 | I16: W2 | J16: =SUMPRODUCT((Onboarding_Pipeline!F3:F32>=DATE(2026,6,17))*(Onboarding_Pipeline!F3:F32<=DATE(2026,6,23))*(Onboarding_Pipeline!G3:G32="Opened")) -> 1
C17: KYC Pending | D17: =COUNTIF(Onboarding_Pipeline!G3:G32,C17) -> 4 | F17: SSN/TIN (W-9) | G17: =COUNTIFS(Documentation_Checklist!D3:D242,F17,Documentation_Checklist!F3:F242,"Pending") -> 8 | I17: W3 | J17: =SUMPRODUCT((Onboarding_Pipeline!F3:F32>=DATE(2026,6,24))*(Onboarding_Pipeline!F3:F32<=DATE(2026,6,30))*(Onboarding_Pipeline!G3:G32="Opened")) -> 1
C18: Docs Outstanding | D18: =COUNTIF(Onboarding_Pipeline!G3:G32,C18) -> 4 | F18: Signature Card | G18: =COUNTIFS(Documentation_Checklist!D3:D242,F18,Documentation_Checklist!F3:F242,"Pending") -> 12 | I18: W4 | J18: =SUMPRODUCT((Onboarding_Pipeline!F3:F32>=DATE(2026,7,1))*(Onboarding_Pipeline!F3:F32<=DATE(2026,7,7))*(Onboarding_Pipeline!G3:G32="Opened")) -> 0
C19: Funding Pending | D19: =COUNTIF(Onboarding_Pipeline!G3:G32,C19) -> 2 | F19: Beneficiary Form | G19: =COUNTIFS(Documentation_Checklist!D3:D242,F19,Documentation_Checklist!F3:F242,"Pending") -> 11 | I19: W5 | J19: =SUMPRODUCT((Onboarding_Pipeline!F3:F32>=DATE(2026,7,8))*(Onboarding_Pipeline!F3:F32<=DATE(2026,7,14))*(Onboarding_Pipeline!G3:G32="Opened")) -> 1
C20: Opened | D20: =COUNTIF(Onboarding_Pipeline!G3:G32,C20) -> 11 | F20: Funding Source | G20: =COUNTIFS(Documentation_Checklist!D3:D242,F20,Documentation_Checklist!F3:F242,"Pending") -> 9 | I20: W6 | J20: =SUMPRODUCT((Onboarding_Pipeline!F3:F32>=DATE(2026,7,15))*(Onboarding_Pipeline!F3:F32<=DATE(2026,7,21))*(Onboarding_Pipeline!G3:G32="Opened")) -> 1
C21: Rejected | D21: =COUNTIF(Onboarding_Pipeline!G3:G32,C21) -> 0
C40: Note: Completeness %, days open, KYC/AML status, and SLA breach flags are live Excel formulas (COUNTIFS/AVERAGEIFS/SUMPRODUCT). Sample data.

Sheet Onboarding_Pipeline
B2: Application ID | C2: Client Name | D2: Account Type | E2: Advisor | F2: Date Submitted | G2: Status | H2: Days Open | I2: KYC Status | J2: AML Status | K2: Funding Status | L2: Completeness %
B3: APP0001 | C3: Amelia Leon | D3: Checking | E3: A. Rivera | F3: 46182 | G3: Opened | H3: =DATE(2026,7,21)-F3 -> 42 | I3: =IF(G3="Opened","Cleared",IF(G3="KYC Pending","Pending","In Review")) -> Cleared | J3: =IF(G3="Opened","Cleared",IF(G3="Rejected","Failed","In Review")) -> Cleared | K3: =IF(G3="Opened","Funded",IF(G3="Funding Pending","Pending","Not Started")) -> Funded | L3: =IFERROR(COUNTIFS(Documentation_Checklist!B3:B242,B3,Documentation_Checklist!F3:F242,"Complete")/(COUNTIFS(Documentation_Checklist!B3:B242,B3)-COUNTIFS(Documentation_Checklist!B3:B242,B3,Documentation_Checklist!F3:F242,"N/A")),0) -> 0.875
B4: APP0002 | C4: Abigail Coleman | D4: IRA | E4: M. Chen | F4: 46155 | G4: Submitted | H4: =DATE(2026,7,21)-F4 -> 69 | I4: =IF(G4="Opened","Cleared",IF(G4="KYC Pending","Pending","In Review")) -> In Review | J4: =IF(G4="Opened","Cleared",IF(G4="Rejected","Failed","In Review")) -> In Review | K4: =IF(G4="Opened","Funded",IF(G4="Funding Pending","Pending","Not Started")) -> Not Started | L4: =IFERROR(COUNTIFS(Documentation_Checklist!B3:B242,B4,Documentation_Checklist!F3:F242,"Complete")/(COUNTIFS(Documentation_Checklist!B3:B242,B4)-COUNTIFS(Documentation_Checklist!B3:B242,B4,Documentation_Checklist!F3:F242,"N/A")),0) -> 0.66666667
B5: APP0003 | C5: Jackson Bishop | D5: Savings | E5: A. Rivera | F5: 46219 | G5: Submitted | H5: =DATE(2026,7,21)-F5 -> 5 | I5: =IF(G5="Opened","Cleared",IF(G5="KYC Pending","Pending","In Review")) -> In Review | J5: =IF(G5="Opened","Cleared",IF(G5="Rejected","Failed","In Review")) -> In Review | K5: =IF(G5="Opened","Funded",IF(G5="Funding Pending","Pending","Not Started")) -> Not Started | L5: =IFERROR(COUNTIFS(Documentation_Checklist!B3:B242,B5,Documentation_Checklist!F3:F242,"Complete")/(COUNTIFS(Documentation_Checklist!B3:B242,B5)-COUNTIFS(Documentation_Checklist!B3:B242,B5,Documentation_Checklist!F3:F242,"N/A")),0) -> 0.33333333
B6: APP0004 | C6: Layla Jetton | D6: Checking | E6: M. Chen | F6: 46153 | G6: KYC Pending | H6: =DATE(2026,7,21)-F6 -> 71 | I6: =IF(G6="Opened","Cleared",IF(G6="KYC Pending","Pending","In Review")) -> Pending | J6: =IF(G6="Opened","Cleared",IF(G6="Rejected","Failed","In Review")) -> In Review | K6: =IF(G6="Opened","Funded",IF(G6="Funding Pending","Pending","Not Started")) -> Not Started | L6: =IFERROR(COUNTIFS(Documentation_Checklist!B3:B242,B6,Documentation_Checklist!F3:F242,"Complete")/(COUNTIFS(Documentation_Checklist!B3:B242,B6)-COUNTIFS(Documentation_Checklist!B3:B242,B6,Documentation_Checklist!F3:F242,"N/A")),0) -> 0.5
B7: APP0005 | C7: Abigail Jetton | D7: Trust | E7: A. Rivera | F7: 46149 | G7: Opened | H7: =DATE(2026,7,21)-F7 -> 75 | I7: =IF(G7="Opened","Cleared",IF(G7="KYC Pending","Pending","In Review")) -> Cleared | J7: =IF(G7="Opened","Cleared",IF(G7="Rejected","Failed","In Review")) -> Cleared | K7: =IF(G7="Opened","Funded",IF(G7="Funding Pending","Pending","Not Started")) -> Funded | L7: =IFERROR(COUNTIFS(Documentation_Checklist!B3:B242,B7,Documentation_Checklist!F3:F242,"Complete")/(COUNTIFS(Documentation_Checklist!B3:B242,B7)-COUNTIFS(Documentation_Checklist!B3:B242,B7,Documentation_Checklist!F3:F242,"N/A")),0) -> 0.75
B8: APP0006 | C8: Daniel Webb | D8: Brokerage | E8: K. Osei | F8: 46195 | G8: Submitted | H8: =DATE(2026,7,21)-F8 -> 29 | I8: =IF(G8="Opened","Cleared",IF(G8="KYC Pending","Pending","In Review")) -> In Review | J8: =IF(G8="Opened","Cleared",IF(G8="Rejected","Failed","In Review")) -> In Review | K8: =IF(G8="Opened","Funded",IF(G8="Funding Pending","Pending","Not Started")) -> Not Started | L8: =IFERROR(COUNTIFS(Documentation_Checklist!B3:B242,B8,Documentation_Checklist!F3:F242,"Complete")/(COUNTIFS(Documentation_Checklist!B3:B242,B8)-COUNTIFS(Documentation_Checklist!B3:B242,B8,Documentation_Checklist!F3:F242,"N/A")),0) -> 0.16666667
B9: APP0007 | C9: Abigail Sims | D9: IRA | E9: M. Chen | F9: 46205 | G9: Docs Outstanding | H9: =DATE(2026,7,21)-F9 -> 19 | I9: =IF(G9="Opened","Cleared",IF(G9="KYC Pending","Pending","In Review")) -> In Review | J9: =IF(G9="Opened","Cleared",IF(G9="Rejected","Failed","In Review")) -> In Review | K9: =IF(G9="Opened","Funded",IF(G9="Funding Pending","Pending","Not Started")) -> Not Started | L9: =IFERROR(COUNTIFS(Documentation_Checklist!B3:B242,B9,Documentation_Checklist!F3:F242,"Complete")/(COUNTIFS(Documentation_Checklist!B3:B242,B9)-COUNTIFS(Documentation_Checklist!B3:B242,B9,Documentation_Checklist!F3:F242,"N/A")),0) -> 0.33333333
B10: APP0008 | C10: Ella Gordon | D10: Brokerage | E10: A. Rivera | F10: 46210 | G10: Funding Pending | H10: =DATE(2026,7,21)-F10 -> 14 | I10: =IF(G10="Opened","Cleared",IF(G10="KYC Pending","Pending","In Review")) -> In Review | J10: =IF(G10="Opened","Cleared",IF(G10="Rejected","Failed","In Review")) -> In Review | K10: =IF(G10="Opened","Funded",IF(G10="Funding Pending","Pending","Not Started")) -> Pending | L10: =IFERROR(COUNTIFS(Documentation_Checklist!B3:B242,B10,Documentation_Checklist!F3:F242,"Complete")/(COUNTIFS(Documentation_Checklist!B3:B242,B10)-COUNTIFS(Documentation_Checklist!B3:B242,B10,Documentation_Checklist!F3:F242,"N/A")),0) -> 0.625
B11: APP0009 | C11: Abigail Coleman | D11: IRA | E11: M. Chen | F11: 46153 | G11: Opened | H11: =DATE(2026,7,21)-F11 -> 71 | I11: =IF(G11="Opened","Cleared",IF(G11="KYC Pending","Pending","In Review")) -> Cleared | J11: =IF(G11="Opened","Cleared",IF(G11="Rejected","Failed","In Review")) -> Cleared | K11: =IF(G11="Opened","Funded",IF(G11="Funding Pending","Pending","Not Started")) -> Funded | L11: =IFERROR(COUNTIFS(Documentation_Checklist!B3:B242,B11,Documentation_Checklist!F3:F242,"Complete")/(COUNTIFS(Documentation_Checklist!B3:B242,B11)-COUNTIFS(Documentation_Checklist!B3:B242,B11,Documentation_Checklist!F3:F242,"N/A")),0) -> 1
B12: APP0010 | C12: Jackson Park | D12: Brokerage | E12: K. Osei | F12: 46160 | G12: Funding Pending | H12: =DATE(2026,7,21)-F12 -> 64 | I12: =IF(G12="Opened","Cleared",IF(G12="KYC Pending","Pending","In Review")) -> In Review | J12: =IF(G12="Opened","Cleared",IF(G12="Rejected","Failed","In Review")) -> In Review | K12: =IF(G12="Opened","Funded",IF(G12="Funding Pending","Pending","Not Started")) -> Pending | L12: =IFERROR(COUNTIFS(Documentation_Checklist!B3:B242,B12,Documentation_Checklist!F3:F242,"Complete")/(COUNTIFS(Documentation_Checklist!B3:B242,B12)-COUNTIFS(Documentation_Checklist!B3:B242,B12,Documentation_Checklist!F3:F242,"N/A")),0) -> 0.125
B13: APP0011 | C13: Logan Sims | D13: Savings | E13: M. Chen | F13: 46149 | G13: Opened | H13: =DATE(2026,7,21)-F13 -> 75 | I13: =IF(G13="Opened","Cleared",IF(G13="KYC Pending","Pending","In Review")) -> Cleared | J13: =IF(G13="Opened","Cleared",IF(G13="Rejected","Failed","In Review")) -> Cleared | K13: =IF(G13="Opened","Funded",IF(G13="Funding Pending","Pending","Not Started")) -> Funded | L13: =IFERROR(COUNTIFS(Documentation_Checklist!B3:B242,B13,Documentation_Checklist!F3:F242,"Complete")/(COUNTIFS(Documentation_Checklist!B3:B242,B13)-COUNTIFS(Documentation_Checklist!B3:B242,B13,Documentation_Checklist!F3:F242,"N/A")),0) -> 0.875
B14: APP0012 | C14: Lucas Haynes | D14: Trust | E14: S. Patel | F14: 46192 | G14: Submitted | H14: =DATE(2026,7,21)-F14 -> 32 | I14: =IF(G14="Opened","Cleared",IF(G14="KYC Pending","Pending","In Review")) -> In Review | J14: =IF(G14="Opened","Cleared",IF(G14="Rejected","Failed","In Review")) -> In Review | K14: =IF(G14="Opened","Funded",IF(G14="Funding Pending","Pending","Not Started")) -> Not Started | L14: =IFERROR(COUNTIFS(Documentation_Checklist!B3:B242,B14,Documentation_Checklist!F3:F242,"Complete")/(COUNTIFS(Documentation_Checklist!B3:B242,B14)-COUNTIFS(Documentation_Checklist!B3:B242,B14,Documentation_Checklist!F3:F242,"N/A")),0) -> 0.33333333
B15: APP0013 | C15: Emma Floyd | D15: IRA | E15: K. Osei | F15: 46166 | G15: In Review | H15: =DATE(2026,7,21)-F15 -> 58 | I15: =IF(G15="Opened","Cleared",IF(G15="KYC Pending","Pending","In Review")) -> In Review | J15: =IF(G15="Opened","Cleared",IF(G15="Rejected","Failed","In Review")) -> In Review | K15: =IF(G15="Opened","Funded",IF(G15="Funding Pending","Pending","Not Started")) -> Not Started | L15: =IFERROR(COUNTIFS(Documentation_Checklist!B3:B242,B15,Documentation_Checklist!F3:F242,"Complete")/(COUNTIFS(Documentation_Checklist!B3:B242,B15)-COUNTIFS(Documentation_Checklist!B3:B242,B15,Documentation_Checklist!F3:F242,"N/A")),0) -> 0.5
B16: APP0014 | C16: Ava Wynn | D16: Trust | E16: K. Osei | F16: 46202 | G16: Opened | H16: =DATE(2026,7,21)-F16 -> 22 | I16: =IF(G16="Opened","Cleared",IF(G16="KYC Pending","Pending","In Review")) -> Cleared | J16: =IF(G16="Opened","Cleared",IF(G16="Rejected","Failed","In Review")) -> Cleared | K16: =IF(G16="Opened","Funded",IF(G16="Funding Pending","Pending","Not Started")) -> Funded | L16: =IFERROR(COUNTIFS(Documentation_Checklist!B3:B242,B16,Documentation_Checklist!F3:F242,"Complete")/(COUNTIFS(Documentation_Checklist!B3:B242,B16)-COUNTIFS(Documentation_Checklist!B3:B242,B16,Documentation_Checklist!F3:F242,"N/A")),0) -> 0.875
B17: APP0015 | C17: Emma Park | D17: IRA | E17: J. Novak | F17: 46218 | G17: Opened | H17: =DATE(2026,7,21)-F17 -> 6 | I17: =IF(G17="Opened","Cleared",IF(G17="KYC Pending","Pending","In Review")) -> Cleared | J17: =IF(G17="Opened","Cleared",IF(G17="Rejected","Failed","In Review")) -> Cleared | K17: =IF(G17="Opened","Funded",IF(G17="Funding Pending","Pending","Not Started")) -> Funded | L17: =IFERROR(COUNTIFS(Documentation_Checklist!B3:B242,B17,Documentation_Checklist!F3:F242,"Complete")/(COUNTIFS(Documentation_Checklist!B3:B242,B17)-COUNTIFS(Documentation_Checklist!B3:B242,B17,Documentation_Checklist!F3:F242,"N/A")),0) -> 0.625
B18: APP0016 | C18: Logan Knox | D18: Trust | E18: J. Novak | F18: 46183 | G18: KYC Pending | H18: =DATE(2026,7,21)-F18 -> 41 | I18: =IF(G18="Opened","Cleared",IF(G18="KYC Pending","Pending","In Review")) -> Pending | J18: =IF(G18="Opened","Cleared",IF(G18="Rejected","Failed","In Review")) -> In Review | K18: =IF(G18="Opened","Funded",IF(G18="Funding Pending","Pending","Not Started")) -> Not Started | L18: =IFERROR(COUNTIFS(Documentation_Checklist!B3:B242,B18,Documentation_Checklist!F3:F242,"Complete")/(COUNTIFS(Documentation_Checklist!B3:B242,B18)-COUNTIFS(Documentation_Checklist!B3:B242,B18,Documentation_Checklist!F3:F242,"N/A")),0) -> 0.57142857
B19: APP0017 | C19: Emma Pena | D19: Trust | E19: A. Rivera | F19: 46165 | G19: Submitted | H19: =DATE(2026,7,21)-F19 -> 59 | I19: =IF(G19="Opened","Cleared",IF(G19="KYC Pending","Pending","In Review")) -> In Review | J19: =IF(G19="Opened","Cleared",IF(G19="Rejected","Failed","In Review")) -> In Review | K19: =IF(G19="Opened","Funded",IF(G19="Funding Pending","Pending","Not Started")) -> Not Started | L19: =IFERROR(COUNTIFS(Documentation_Checklist!B3:B242,B19,Documentation_Checklist!F3:F242,"Complete")/(COUNTIFS(Documentation_Checklist!B3:B242,B19)-COUNTIFS(Documentation_Checklist!B3:B242,B19,Documentation_Checklist!F3:F242,"N/A")),0) -> 0.33333333
B20: APP0018 | C20: Lucas Leon | D20: IRA | E20: K. Osei | F20: 46216 | G20: Opened | H20: =DATE(2026,7,21)-F20 -> 8 | I20: =IF(G20="Opened","Cleared",IF(G20="KYC Pending","Pending","In Review")) -> Cleared | J20: =IF(G20="Opened","Cleared",IF(G20="Rejected","Failed","In Review")) -> Cleared | K20: =IF(G20="Opened","Funded",IF(G20="Funding Pending","Pending","Not Started")) -> Funded | L20: =IFERROR(COUNTIFS(Documentation_Checklist!B3:B242,B20,Documentation_Checklist!F3:F242,"Complete")/(COUNTIFS(Documentation_Checklist!B3:B242,B20)-COUNTIFS(Documentation_Checklist!B3:B242,B20,Documentation_Checklist!F3:F242,"N/A")),0) -> 0.875
B21: APP0019 | C21: Riley Marsh | D21: Brokerage | E21: A. Rivera | F21: 46187 | G21: Opened | H21: =DATE(2026,7,21)-F21 -> 37 | I21: =IF(G21="Opened","Cleared",IF(G21="KYC Pending","Pending","In Review")) -> Cleared | J21: =IF(G21="Opened","Cleared",IF(G21="Rejected","Failed","In Review")) -> Cleared | K21: =IF(G21="Opened","Funded",IF(G21="Funding Pending","Pending","Not Started")) -> Funded | L21: =IFERROR(COUNTIFS(Documentation_Checklist!B3:B242,B21,Documentation_Checklist!F3:F242,"Complete")/(COUNTIFS(Documentation_Checklist!B3:B242,B21)-COUNTIFS(Documentation_Checklist!B3:B242,B21,Documentation_Checklist!F3:F242,"N/A")),0) -> 0.875
B22: APP0020 | C22: Henry Floyd | D22: Trust | E22: A. Rivera | F22: 46164 | G22: KYC Pending | H22: =DATE(2026,7,21)-F22 -> 60 | I22: =IF(G22="Opened","Cleared",IF(G22="KYC Pending","Pending","In Review")) -> Pending | J22: =IF(G22="Opened","Cleared",IF(G22="Rejected","Failed","In Review")) -> In Review | K22: =IF(G22="Opened","Funded",IF(G22="Funding Pending","Pending","Not Started")) -> Not Started | L22: =IFERROR(COUNTIFS(Documentation_Checklist!B3:B242,B22,Documentation_Checklist!F3:F242,"Complete")/(COUNTIFS(Documentation_Checklist!B3:B242,B22)-COUNTIFS(Documentation_Checklist!B3:B242,B22,Documentation_Checklist!F3:F242,"N/A")),0) -> 0.71428571
B23: APP0021 | C23: Ava Odom | D23: Savings | E23: K. Osei | F23: 46196 | G23: Opened | H23: =DATE(2026,7,21)-F23 -> 28 | I23: =IF(G23="Opened","Cleared",IF(G23="KYC Pending","Pending","In Review")) -> Cleared | J23: =IF(G23="Opened","Cleared",IF(G23="Rejected","Failed","In Review")) -> Cleared | K23: =IF(G23="Opened","Funded",IF(G23="Funding Pending","Pending","Not Started")) -> Funded | L23: =IFERROR(COUNTIFS(Documentation_Checklist!B3:B242,B23,Documentation_Checklist!F3:F242,"Complete")/(COUNTIFS(Documentation_Checklist!B3:B242,B23)-COUNTIFS(Documentation_Checklist!B3:B242,B23,Documentation_Checklist!F3:F242,"N/A")),0) -> 0.75
B24: APP0022 | C24: Aiden Bishop | D24: Savings | E24: K. Osei | F24: 46173 | G24: Opened | H24: =DATE(2026,7,21)-F24 -> 51 | I24: =IF(G24="Opened","Cleared",IF(G24="KYC Pending","Pending","In Review")) -> Cleared | J24: =IF(G24="Opened","Cleared",IF(G24="Rejected","Failed","In Review")) -> Cleared | K24: =IF(G24="Opened","Funded",IF(G24="Funding Pending","Pending","Not Started")) -> Funded | L24: =IFERROR(COUNTIFS(Documentation_Checklist!B3:B242,B24,Documentation_Checklist!F3:F242,"Complete")/(COUNTIFS(Documentation_Checklist!B3:B242,B24)-COUNTIFS(Documentation_Checklist!B3:B242,B24,Documentation_Checklist!F3:F242,"N/A")),0) -> 1
B25: APP0023 | C25: Riley Webb | D25: Custodial | E25: K. Osei | F25: 46172 | G25: Docs Outstanding | H25: =DATE(2026,7,21)-F25 -> 52 | I25: =IF(G25="Opened","Cleared",IF(G25="KYC Pending","Pending","In Review")) -> In Review | J25: =IF(G25="Opened","Cleared",IF(G25="Rejected","Failed","In Review")) -> In Review | K25: =IF(G25="Opened","Funded",IF(G25="Funding Pending","Pending","Not Started")) -> Not Started | L25: =IFERROR(COUNTIFS(Documentation_Checklist!B3:B242,B25,Documentation_Checklist!F3:F242,"Complete")/(COUNTIFS(Documentation_Checklist!B3:B242,B25)-COUNTIFS(Documentation_Checklist!B3:B242,B25,Documentation_Checklist!F3:F242,"N/A")),0) -> 0.375
B26: APP0024 | C26: Jackson Boyd | D26: Joint | E26: K. Osei | F26: 46153 | G26: In Review | H26: =DATE(2026,7,21)-F26 -> 71 | I26: =IF(G26="Opened","Cleared",IF(G26="KYC Pending","Pending","In Review")) -> In Review | J26: =IF(G26="Opened","Cleared",IF(G26="Rejected","Failed","In Review")) -> In Review | K26: =IF(G26="Opened","Funded",IF(G26="Funding Pending","Pending","Not Started")) -> Not Started | L26: =IFERROR(COUNTIFS(Documentation_Checklist!B3:B242,B26,Documentation_Checklist!F3:F242,"Complete")/(COUNTIFS(Documentation_Checklist!B3:B242,B26)-COUNTIFS(Documentation_Checklist!B3:B242,B26,Documentation_Checklist!F3:F242,"N/A")),0) -> 0.375
B27: APP0025 | C27: Ethan Webb | D27: Savings | E27: M. Chen | F27: 46194 | G27: In Review | H27: =DATE(2026,7,21)-F27 -> 30 | I27: =IF(G27="Opened","Cleared",IF(G27="KYC Pending","Pending","In Review")) -> In Review | J27: =IF(G27="Opened","Cleared",IF(G27="Rejected","Failed","In Review")) -> In Review | K27: =IF(G27="Opened","Funded",IF(G27="Funding Pending","Pending","Not Started")) -> Not Started | L27: =IFERROR(COUNTIFS(Documentation_Checklist!B3:B242,B27,Documentation_Checklist!F3:F242,"Complete")/(COUNTIFS(Documentation_Checklist!B3:B242,B27)-COUNTIFS(Documentation_Checklist!B3:B242,B27,Documentation_Checklist!F3:F242,"N/A")),0) -> 0.14285714
B28: APP0026 | C28: Abigail Salazar | D28: Brokerage | E28: S. Patel | F28: 46222 | G28: Docs Outstanding | H28: =DATE(2026,7,21)-F28 -> 2 | I28: =IF(G28="Opened","Cleared",IF(G28="KYC Pending","Pending","In Review")) -> In Review | J28: =IF(G28="Opened","Cleared",IF(G28="Rejected","Failed","In Review")) -> In Review | K28: =IF(G28="Opened","Funded",IF(G28="Funding Pending","Pending","Not Started")) -> Not Started | L28: =IFERROR(COUNTIFS(Documentation_Checklist!B3:B242,B28,Documentation_Checklist!F3:F242,"Complete")/(COUNTIFS(Documentation_Checklist!B3:B242,B28)-COUNTIFS(Documentation_Checklist!B3:B242,B28,Documentation_Checklist!F3:F242,"N/A")),0) -> 0.375
B29: APP0027 | C29: Caleb Boyd | D29: IRA | E29: J. Novak | F29: 46223 | G29: In Review | H29: =DATE(2026,7,21)-F29 -> 1 | I29: =IF(G29="Opened","Cleared",IF(G29="KYC Pending","Pending","In Review")) -> In Review | J29: =IF(G29="Opened","Cleared",IF(G29="Rejected","Failed","In Review")) -> In Review | K29: =IF(G29="Opened","Funded",IF(G29="Funding Pending","Pending","Not Started")) -> Not Started | L29: =IFERROR(COUNTIFS(Documentation_Checklist!B3:B242,B29,Documentation_Checklist!F3:F242,"Complete")/(COUNTIFS(Documentation_Checklist!B3:B242,B29)-COUNTIFS(Documentation_Checklist!B3:B242,B29,Documentation_Checklist!F3:F242,"N/A")),0) -> 0.375
B30: APP0028 | C30: Grace Stark | D30: IRA | E30: J. Novak | F30: 46183 | G30: Opened | H30: =DATE(2026,7,21)-F30 -> 41 | I30: =IF(G30="Opened","Cleared",IF(G30="KYC Pending","Pending","In Review")) -> Cleared | J30: =IF(G30="Opened","Cleared",IF(G30="Rejected","Failed","In Review")) -> Cleared | K30: =IF(G30="Opened","Funded",IF(G30="Funding Pending","Pending","Not Started")) -> Funded | L30: =IFERROR(COUNTIFS(Documentation_Checklist!B3:B242,B30,Documentation_Checklist!F3:F242,"Complete")/(COUNTIFS(Documentation_Checklist!B3:B242,B30)-COUNTIFS(Documentation_Checklist!B3:B242,B30,Documentation_Checklist!F3:F242,"N/A")),0) -> 0.875
B31: APP0029 | C31: Daniel Park | D31: Custodial | E31: J. Novak | F31: 46217 | G31: Docs Outstanding | H31: =DATE(2026,7,21)-F31 -> 7 | I31: =IF(G31="Opened","Cleared",IF(G31="KYC Pending","Pending","In Review")) -> In Review | J31: =IF(G31="Opened","Cleared",IF(G31="Rejected","Failed","In Review")) -> In Review | K31: =IF(G31="Opened","Funded",IF(G31="Funding Pending","Pending","Not Started")) -> Not Started | L31: =IFERROR(COUNTIFS(Documentation_Checklist!B3:B242,B31,Documentation_Checklist!F3:F242,"Complete")/(COUNTIFS(Documentation_Checklist!B3:B242,B31)-COUNTIFS(Documentation_Checklist!B3:B242,B31,Documentation_Checklist!F3:F242,"N/A")),0) -> 0.85714286
B32: APP0030 | C32: Amelia Floyd | D32: Trust | E32: K. Osei | F32: 46173 | G32: KYC Pending | H32: =DATE(2026,7,21)-F32 -> 51 | I32: =IF(G32="Opened","Cleared",IF(G32="KYC Pending","Pending","In Review")) -> Pending | J32: =IF(G32="Opened","Cleared",IF(G32="Rejected","Failed","In Review")) -> In Review | K32: =IF(G32="Opened","Funded",IF(G32="Funding Pending","Pending","Not Started")) -> Not Started | L32: =IFERROR(COUNTIFS(Documentation_Checklist!B3:B242,B32,Documentation_Checklist!F3:F242,"Complete")/(COUNTIFS(Documentation_Checklist!B3:B242,B32)-COUNTIFS(Documentation_Checklist!B3:B242,B32,Documentation_Checklist!F3:F242,"N/A")),0) -> 0.75

Sheet Documentation_Checklist
B2: Application ID | C2: Client Name | D2: Document Type | E2: Required | F2: Status | G2: Owner
B3: APP0001 | C3: Amelia Leon | D3: Government ID | E3: Yes | F3: Complete | G3: A. Rivera
B4: APP0001 | C4: Amelia Leon | D4: Proof of Address | E4: Yes | F4: Pending | G4: K. Osei
B5: APP0001 | C5: Amelia Leon | D5: SSN/TIN (W-9) | E5: Yes | F5: Complete | G5: S. Patel
B6: APP0001 | C6: Amelia Leon | D6: Signature Card | E6: Yes | F6: Complete | G6: A. Rivera
B7: APP0001 | C7: Amelia Leon | D7: Beneficiary Form | E7: Yes | F7: Complete | G7: M. Chen
B8: APP0001 | C8: Amelia Leon | D8: Funding Source | E8: Yes | F8: Complete | G8: S. Patel
B9: APP0001 | C9: Amelia Leon | D9: Disclosures Acknowledged | E9: Yes | F9: Complete | G9: A. Rivera
B10: APP0001 | C10: Amelia Leon | D10: Tax Residency (CRS) | E10: Yes | F10: Complete | G10: J. Novak
B11: APP0002 | C11: Abigail Coleman | D11: Government ID | E11: Yes | F11: Complete | G11: S. Patel
B12: APP0002 | C12: Abigail Coleman | D12: Proof of Address | E12: Yes | F12: N/A | G12: J. Novak
B13: APP0002 | C13: Abigail Coleman | D13: SSN/TIN (W-9) | E13: Yes | F13: Complete | G13: A. Rivera
... B242: APP0030 | C242: Amelia Floyd | D242: Tax Residency (CRS) | E242: Yes | F242: Complete | G242: S. Patel

Sheet Exceptions_Log
B2: Exception ID | C2: Application ID | D2: Client Name | E2: Date Logged | F2: Exception Type | G2: Severity | H2: Status | I2: Owner | J2: Age (Days)
B3: EX0001 | C3: APP0004 | D3: Layla Jetton | E3: 46199 | F3: Address Mismatch | G3: High | H3: Open | I3: =IF(H3="Resolved",0,DATE(2026,7,21)-E3) -> 25
B4: EX0002 | C4: APP0012 | D4: Lucas Haynes | E4: 46208 | F4: Missing Signature | G4: Medium | H4: In Progress | I4: =IF(H4="Resolved",0,DATE(2026,7,21)-E4) -> 16
B5: EX0003 | C5: APP0012 | D5: Lucas Haynes | E5: 46220 | F5: Funds Source Unclear | G5: Medium | H5: Resolved | I5: =IF(H5="Resolved",0,DATE(2026,7,21)-E5) -> 0
B6: EX0004 | C6: APP0002 | D6: Abigail Coleman | E6: 46218 | F6: Beneficiary Conflict | G6: High | H6: Open | I6: =IF(H6="Resolved",0,DATE(2026,7,21)-E6) -> 6
B7: EX0005 | C7: APP0009 | D7: Abigail Coleman | E7: 46209 | F7: Funds Source Unclear | G7: High | H7: Open | I7: =IF(H7="Resolved",0,DATE(2026,7,21)-E7) -> 15
B8: EX0006 | C8: APP0014 | D8: Ava Wynn | E8: 46174 | F8: Missing Signature | G8: High | H8: In Progress | I8: =IF(H8="Resolved",0,DATE(2026,7,21)-E8) -> 50
B9: EX0007 | C9: APP0007 | D9: Abigail Sims | E9: 46189 | F9: W-9 Incomplete | G9: Low | H9: Open | I9: =IF(H9="Resolved",0,DATE(2026,7,21)-E9) -> 35
B10: EX0008 | C10: APP0020 | D10: Henry Floyd | E10: 46196 | F10: Beneficiary Conflict | G10: Low | H10: In Progress | I10: =IF(H10="Resolved",0,DATE(2026,7,21)-E10) -> 28
B11: EX0009 | C11: APP0002 | D11: Abigail Coleman | E11: 46193 | F11: KYC Alert | G11: Low | H11: Open | I11: =IF(H11="Resolved",0,DATE(2026,7,21)-E11) -> 31
B12: EX0010 | C12: APP0010 | D12: Jackson Park | E12: 46203 | F12: Name Variation | G12: Medium | H12: Resolved | I12: =IF(H12="Resolved",0,DATE(2026,7,21)-E12) -> 0
B13: EX0011 | C13: APP0021 | D13: Ava Odom | E13: 46199 | F13: Address Mismatch | G13: Medium | H13: In Progress | I13: =IF(H13="Resolved",0,DATE(2026,7,21)-E13) -> 25
B14: EX0012 | C14: APP0006 | D14: Daniel Webb | E14: 46217 | F14: W-9 Incomplete | G14: Low | H14: Open | I14: =IF(H14="Resolved",0,DATE(2026,7,21)-E14) -> 7
... B20: EX0018 | C20: APP0002 | D20: Abigail Coleman | E20: 46176 | F20: Funds Source Unclear | G20: Medium | H20: In Progress | I20: =IF(H20="Resolved",0,DATE(2026,7,21)-E20) -> 48

Sheet SLA_Summary
B2: SLA Summary by Status
B3: Status | C3: Count | D3: % of Total | E3: Avg Days Open | F3: Opened (target) | G3: Breach Flag
B4: Submitted | C4: =COUNTIF(Onboarding_Pipeline!G3:G32,B4) -> 5 | D4: =IFERROR(C4/COUNTA(Onboarding_Pipeline!G3:G32),0) -> 0.16666667 | E4: =IFERROR(AVERAGEIFS(Onboarding_Pipeline!H3:H32,Onboarding_Pipeline!G3:G32,B4),0) -> 38.8 | F4: 5 | G4: =IF(AND(B4<>"Opened",B4<>"Rejected",E4>F4),"BREACH","OK") -> BREACH
B5: In Review | C5: =COUNTIF(Onboarding_Pipeline!G3:G32,B5) -> 4 | D5: =IFERROR(C5/COUNTA(Onboarding_Pipeline!G3:G32),0) -> 0.13333333 | E5: =IFERROR(AVERAGEIFS(Onboarding_Pipeline!H3:H32,Onboarding_Pipeline!G3:G32,B5),0) -> 40 | F5: 5 | G5: =IF(AND(B5<>"Opened",B5<>"Rejected",E5>F5),"BREACH","OK") -> BREACH
B6: KYC Pending | C6: =COUNTIF(Onboarding_Pipeline!G3:G32,B6) -> 4 | D6: =IFERROR(C6/COUNTA(Onboarding_Pipeline!G3:G32),0) -> 0.13333333 | E6: =IFERROR(AVERAGEIFS(Onboarding_Pipeline!H3:H32,Onboarding_Pipeline!G3:G32,B6),0) -> 55.75 | F6: 5 | G6: =IF(AND(B6<>"Opened",B6<>"Rejected",E6>F6),"BREACH","OK") -> BREACH
B7: Docs Outstanding | C7: =COUNTIF(Onboarding_Pipeline!G3:G32,B7) -> 4 | D7: =IFERROR(C7/COUNTA(Onboarding_Pipeline!G3:G32),0) -> 0.13333333 | E7: =IFERROR(AVERAGEIFS(Onboarding_Pipeline!H3:H32,Onboarding_Pipeline!G3:G32,B7),0) -> 20 | F7: 5 | G7: =IF(AND(B7<>"Opened",B7<>"Rejected",E7>F7),"BREACH","OK") -> BREACH
B8: Funding Pending | C8: =COUNTIF(Onboarding_Pipeline!G3:G32,B8) -> 2 | D8: =IFERROR(C8/COUNTA(Onboarding_Pipeline!G3:G32),0) -> 0.066666667 | E8: =IFERROR(AVERAGEIFS(Onboarding_Pipeline!H3:H32,Onboarding_Pipeline!G3:G32,B8),0) -> 39 | F8: 5 | G8: =IF(AND(B8<>"Opened",B8<>"Rejected",E8>F8),"BREACH","OK") -> BREACH
B9: Opened | C9: =COUNTIF(Onboarding_Pipeline!G3:G32,B9) -> 11 | D9: =IFERROR(C9/COUNTA(Onboarding_Pipeline!G3:G32),0) -> 0.36666667 | E9: =IFERROR(AVERAGEIFS(Onboarding_Pipeline!H3:H32,Onboarding_Pipeline!G3:G32,B9),0) -> 41.454545 | F9: 5 | G9: =IF(AND(B9<>"Opened",B9<>"Rejected",E9>F9),"BREACH","OK") -> OK
B10: Rejected | C10: =COUNTIF(Onboarding_Pipeline!G3:G32,B10) -> 0 | D10: =IFERROR(C10/COUNTA(Onboarding_Pipeline!G3:G32),0) -> 0 | E10: =IFERROR(AVERAGEIFS(Onboarding_Pipeline!H3:H32,Onboarding_Pipeline!G3:G32,B10),0) -> 0 | F10: 5 | G10: =IF(AND(B10<>"Opened",B10<>"Rejected",E10>F10),"BREACH","OK") -> OK
