Workbook

Sheet Dashboard
B2: Branch Banking Performance & Sales Analytics
B3: Client engagement, transaction volume, product referrals, and CSAT across branches
C5: TOTAL TRANSACTIONS | E5: TOTAL DEPOSITS | G5: AVG WAIT (MIN) | I5: TOTAL REFERRALS
C6: =SUM(Transactions!D3:D437) -> 67041 | E6: =SUM(Transactions!E3:E437) -> 72854345 | G6: =AVERAGE(Transactions!G3:G437) -> 5.868046 | I6: =COUNTA(Product_Referrals!C3:C62) -> 60
C9: CONVERSION RATE | E9: AVG CSAT | G9: NEW ACCOUNTS (EST.) | I9: BRANCHES TRACKED
C10: =SUM(Product_Referrals!G3:G62)/COUNTA(Product_Referrals!C3:C62) -> 0.23333333 | E10: =AVERAGE(Customer_Feedback!D3:D72) -> 3.8714286 | G10: =ROUND(SUM(Transactions!D3:D437)*0.012,0) -> 804 | I10: =COUNTA(Transactions!C3:C437)/30 -> 14.5
C14: Deposits by Branch | F14: Referrals by Product | I14: CSAT by Month
C15: Bensalem Main | D15: =SUMIF(Transactions!C3:C437,C15,Transactions!E3:E437) -> 14054329 | F15: Checking Account | G15: =COUNTIF(Product_Referrals!E3:E62,F15) -> 5 | I15: Feb 2026 | J15: =IFERROR(AVERAGEIFS(Customer_Feedback!D3:D72,Customer_Feedback!B3:B72,">="&DATE(2026,2,1),Customer_Feedback!B3:B72,"<"&DATE(2026,3,1)),0) -> 0
C16: Neshaminy | D16: =SUMIF(Transactions!C3:C437,C16,Transactions!E3:E437) -> 15245482 | F16: Savings Account | G16: =COUNTIF(Product_Referrals!E3:E62,F16) -> 6 | I16: Mar 2026 | J16: =IFERROR(AVERAGEIFS(Customer_Feedback!D3:D72,Customer_Feedback!B3:B72,">="&DATE(2026,3,1),Customer_Feedback!B3:B72,"<"&DATE(2026,4,1)),0) -> 0
C17: Levittown | D17: =SUMIF(Transactions!C3:C437,C17,Transactions!E3:E437) -> 14137585 | F17: CD | G17: =COUNTIF(Product_Referrals!E3:E62,F17) -> 10 | I17: Apr 2026 | J17: =IFERROR(AVERAGEIFS(Customer_Feedback!D3:D72,Customer_Feedback!B3:B72,">="&DATE(2026,4,1),Customer_Feedback!B3:B72,"<"&DATE(2026,5,1)),0) -> 4.4444444
C18: Doylestown | D18: =SUMIF(Transactions!C3:C437,C18,Transactions!E3:E437) -> 14809111 | F18: Credit Card | G18: =COUNTIF(Product_Referrals!E3:E62,F18) -> 8 | I18: May 2026 | J18: =IFERROR(AVERAGEIFS(Customer_Feedback!D3:D72,Customer_Feedback!B3:B72,">="&DATE(2026,5,1),Customer_Feedback!B3:B72,"<"&DATE(2026,6,1)),0) -> 4
C19: Willow Grove | D19: =SUMIF(Transactions!C3:C437,C19,Transactions!E3:E437) -> 14607838 | F19: Personal Loan | G19: =COUNTIF(Product_Referrals!E3:E62,F19) -> 8 | I19: Jun 2026 | J19: =IFERROR(AVERAGEIFS(Customer_Feedback!D3:D72,Customer_Feedback!B3:B72,">="&DATE(2026,6,1),Customer_Feedback!B3:B72,"<"&DATE(2026,7,1)),0) -> 3.7692308
F20: Mortgage | G20: =COUNTIF(Product_Referrals!E3:E62,F20) -> 7 | I20: Jul 2026 | J20: =IFERROR(AVERAGEIFS(Customer_Feedback!D3:D72,Customer_Feedback!B3:B72,">="&DATE(2026,7,1),Customer_Feedback!B3:B72,"<"&DATE(2026,8,1)),0) -> 3.5333333
F21: HELOC | G21: =COUNTIF(Product_Referrals!E3:E62,F21) -> 7
F22: Investment Account | G22: =COUNTIF(Product_Referrals!E3:E62,F22) -> 9
C40: Note: KPIs and monthly rollups are live Excel formulas (SUMIF/SUMPRODUCT/AVERAGEIFS). New accounts = estimated 1.2% of transaction volume. Sample data.

Sheet Transactions
B2: Date | C2: Branch | D2: Transaction Volume | E2: Deposits ($) | F2: Withdrawals ($) | G2: Avg Wait (min) | H2: Net Deposit ($)
B3: 46104 | C3: Bensalem Main | D3: 156 | E3: 156220 | F3: 108686 | G3: 7.1 | H3: =E3-F3 -> 47534
B4: 46104 | C4: Neshaminy | D4: 127 | E4: 139025 | F4: 109119 | G4: 3.4 | H4: =E4-F4 -> 29906
B5: 46104 | C5: Levittown | D5: 144 | E5: 157242 | F5: 67857 | G5: 5.5 | H5: =E5-F5 -> 89385
B6: 46104 | C6: Doylestown | D6: 93 | E6: 152308 | F6: 98459 | G6: 3.1 | H6: =E6-F6 -> 53849
B7: 46104 | C7: Willow Grove | D7: 157 | E7: 198244 | F7: 174495 | G7: 9.1 | H7: =E7-F7 -> 23749
B8: 46105 | C8: Bensalem Main | D8: 155 | E8: 173254 | F8: 121348 | G8: 5.9 | H8: =E8-F8 -> 51906
B9: 46105 | C9: Neshaminy | D9: 199 | E9: 255827 | F9: 155473 | G9: 8.7 | H9: =E9-F9 -> 100354
B10: 46105 | C10: Levittown | D10: 170 | E10: 251770 | F10: 90765 | G10: 4.9 | H10: =E10-F10 -> 161005
B11: 46105 | C11: Doylestown | D11: 157 | E11: 197539 | F11: 95351 | G11: 5.6 | H11: =E11-F11 -> 102188
B12: 46105 | C12: Willow Grove | D12: 203 | E12: 220502 | F12: 106303 | G12: 4.6 | H12: =E12-F12 -> 114199
B13: 46106 | C13: Bensalem Main | D13: 135 | E13: 217020 | F13: 153388 | G13: 4.3 | H13: =E13-F13 -> 63632
B14: 46106 | C14: Neshaminy | D14: 207 | E14: 148619 | F14: 133436 | G14: 5.3 | H14: =E14-F14 -> 15183
... B437: 46224 | C437: Willow Grove | D437: 130 | E437: 119993 | F437: 182132 | G437: 3.1 | H437: =E437-F437 -> -62139

Sheet Product_Referrals
B2: Date | C2: Employee | D2: Branch | E2: Product | F2: Status | G2: Converted (1/0)
B3: 46155 | C3: L. Park | D3: Levittown | E3: Mortgage | F3: Pending | G3: =IF(F3="Converted",1,0) -> 0
B4: 46220 | C4: K. Osei | D4: Neshaminy | E4: Investment Account | F4: Converted | G4: =IF(F4="Converted",1,0) -> 1
B5: 46149 | C5: S. Patel | D5: Doylestown | E5: HELOC | F5: Pending | G5: =IF(F5="Converted",1,0) -> 0
B6: 46207 | C6: J. Novak | D6: Levittown | E6: Mortgage | F6: Pending | G6: =IF(F6="Converted",1,0) -> 0
B7: 46179 | C7: M. Chen | D7: Levittown | E7: Personal Loan | F7: Declined | G7: =IF(F7="Converted",1,0) -> 0
B8: 46201 | C8: J. Novak | D8: Willow Grove | E8: Credit Card | F8: Pending | G8: =IF(F8="Converted",1,0) -> 0
B9: 46144 | C9: M. Chen | D9: Willow Grove | E9: Savings Account | F9: Declined | G9: =IF(F9="Converted",1,0) -> 0
B10: 46181 | C10: M. Chen | D10: Levittown | E10: Personal Loan | F10: Pending | G10: =IF(F10="Converted",1,0) -> 0
B11: 46205 | C11: J. Novak | D11: Bensalem Main | E11: CD | F11: Pending | G11: =IF(F11="Converted",1,0) -> 0
B12: 46143 | C12: L. Park | D12: Bensalem Main | E12: HELOC | F12: Converted | G12: =IF(F12="Converted",1,0) -> 1
B13: 46152 | C13: A. Rivera | D13: Levittown | E13: Personal Loan | F13: Pending | G13: =IF(F13="Converted",1,0) -> 0
B14: 46187 | C14: L. Park | D14: Neshaminy | E14: Mortgage | F14: Declined | G14: =IF(F14="Converted",1,0) -> 0
... B62: 46141 | C62: M. Chen | D62: Neshaminy | E62: Savings Account | F62: Converted | G62: =IF(F62="Converted",1,0) -> 1

Sheet Monthly_KPIs
B2: Monthly Branch KPIs (rolling 6 months)
B3: Month | C3: Transactions | D3: Deposits ($) | E3: New Accounts | F3: Referrals | G3: Conversions | H3: Conv. Rate
B4: Feb 2026 | C4: =SUMPRODUCT((YEAR(Transactions!B3:B437)=2026)*(MONTH(Transactions!B3:B437)=2)*Transactions!D3:D437) -> 0 | D4: =SUMPRODUCT((YEAR(Transactions!B3:B437)=2026)*(MONTH(Transactions!B3:B437)=2)*Transactions!E3:E437) -> 0 | E4: =ROUND(SUMPRODUCT((YEAR(Transactions!B3:B437)=2026)*(MONTH(Transactions!B3:B437)=2)*Transactions!D3:D437)*0.012,0) -> 0 | F4: =SUMPRODUCT((YEAR(Product_Referrals!B3:B62)=2026)*(MONTH(Product_Referrals!B3:B62)=2)) -> 0 | G4: =SUMPRODUCT((YEAR(Product_Referrals!B3:B62)=2026)*(MONTH(Product_Referrals!B3:B62)=2)*Product_Referrals!G3:G62) -> 0 | H4: =IFERROR(G4/F4,0) -> 0
B5: Mar 2026 | C5: =SUMPRODUCT((YEAR(Transactions!B3:B437)=2026)*(MONTH(Transactions!B3:B437)=3)*Transactions!D3:D437) -> 5521 | D5: =SUMPRODUCT((YEAR(Transactions!B3:B437)=2026)*(MONTH(Transactions!B3:B437)=3)*Transactions!E3:E437) -> 6070926 | E5: =ROUND(SUMPRODUCT((YEAR(Transactions!B3:B437)=2026)*(MONTH(Transactions!B3:B437)=3)*Transactions!D3:D437)*0.012,0) -> 66 | F5: =SUMPRODUCT((YEAR(Product_Referrals!B3:B62)=2026)*(MONTH(Product_Referrals!B3:B62)=3)) -> 0 | G5: =SUMPRODUCT((YEAR(Product_Referrals!B3:B62)=2026)*(MONTH(Product_Referrals!B3:B62)=3)*Product_Referrals!G3:G62) -> 0 | H5: =IFERROR(G5/F5,0) -> 0
B6: Apr 2026 | C6: =SUMPRODUCT((YEAR(Transactions!B3:B437)=2026)*(MONTH(Transactions!B3:B437)=4)*Transactions!D3:D437) -> 16654 | D6: =SUMPRODUCT((YEAR(Transactions!B3:B437)=2026)*(MONTH(Transactions!B3:B437)=4)*Transactions!E3:E437) -> 17891585 | E6: =ROUND(SUMPRODUCT((YEAR(Transactions!B3:B437)=2026)*(MONTH(Transactions!B3:B437)=4)*Transactions!D3:D437)*0.012,0) -> 200 | F6: =SUMPRODUCT((YEAR(Product_Referrals!B3:B62)=2026)*(MONTH(Product_Referrals!B3:B62)=4)) -> 5 | G6: =SUMPRODUCT((YEAR(Product_Referrals!B3:B62)=2026)*(MONTH(Product_Referrals!B3:B62)=4)*Product_Referrals!G3:G62) -> 1 | H6: =IFERROR(G6/F6,0) -> 0.2
B7: May 2026 | C7: =SUMPRODUCT((YEAR(Transactions!B3:B437)=2026)*(MONTH(Transactions!B3:B437)=5)*Transactions!D3:D437) -> 16327 | D7: =SUMPRODUCT((YEAR(Transactions!B3:B437)=2026)*(MONTH(Transactions!B3:B437)=5)*Transactions!E3:E437) -> 16979596 | E7: =ROUND(SUMPRODUCT((YEAR(Transactions!B3:B437)=2026)*(MONTH(Transactions!B3:B437)=5)*Transactions!D3:D437)*0.012,0) -> 196 | F7: =SUMPRODUCT((YEAR(Product_Referrals!B3:B62)=2026)*(MONTH(Product_Referrals!B3:B62)=5)) -> 25 | G7: =SUMPRODUCT((YEAR(Product_Referrals!B3:B62)=2026)*(MONTH(Product_Referrals!B3:B62)=5)*Product_Referrals!G3:G62) -> 4 | H7: =IFERROR(G7/F7,0) -> 0.16
B8: Jun 2026 | C8: =SUMPRODUCT((YEAR(Transactions!B3:B437)=2026)*(MONTH(Transactions!B3:B437)=6)*Transactions!D3:D437) -> 16885 | D8: =SUMPRODUCT((YEAR(Transactions!B3:B437)=2026)*(MONTH(Transactions!B3:B437)=6)*Transactions!E3:E437) -> 18904785 | E8: =ROUND(SUMPRODUCT((YEAR(Transactions!B3:B437)=2026)*(MONTH(Transactions!B3:B437)=6)*Transactions!D3:D437)*0.012,0) -> 203 | F8: =SUMPRODUCT((YEAR(Product_Referrals!B3:B62)=2026)*(MONTH(Product_Referrals!B3:B62)=6)) -> 17 | G8: =SUMPRODUCT((YEAR(Product_Referrals!B3:B62)=2026)*(MONTH(Product_Referrals!B3:B62)=6)*Product_Referrals!G3:G62) -> 5 | H8: =IFERROR(G8/F8,0) -> 0.29411765
B9: Jul 2026 | C9: =SUMPRODUCT((YEAR(Transactions!B3:B437)=2026)*(MONTH(Transactions!B3:B437)=7)*Transactions!D3:D437) -> 11654 | D9: =SUMPRODUCT((YEAR(Transactions!B3:B437)=2026)*(MONTH(Transactions!B3:B437)=7)*Transactions!E3:E437) -> 13007453 | E9: =ROUND(SUMPRODUCT((YEAR(Transactions!B3:B437)=2026)*(MONTH(Transactions!B3:B437)=7)*Transactions!D3:D437)*0.012,0) -> 140 | F9: =SUMPRODUCT((YEAR(Product_Referrals!B3:B62)=2026)*(MONTH(Product_Referrals!B3:B62)=7)) -> 13 | G9: =SUMPRODUCT((YEAR(Product_Referrals!B3:B62)=2026)*(MONTH(Product_Referrals!B3:B62)=7)*Product_Referrals!G3:G62) -> 4 | H9: =IFERROR(G9/F9,0) -> 0.30769231

Sheet Customer_Feedback
B2: Date | C2: Branch | D2: CSAT (1-5) | E2: Category
B3: 46169 | C3: Levittown | D3: 4 | E3: Issue Resolution
B4: 46135 | C4: Willow Grove | D4: 4 | E4: Staff Friendliness
B5: 46177 | C5: Doylestown | D5: 3 | E5: Issue Resolution
B6: 46217 | C6: Neshaminy | D6: 5 | E6: Wait Time
B7: 46134 | C7: Bensalem Main | D7: 5 | E7: Digital Banking
B8: 46176 | C8: Willow Grove | D8: 4 | E8: Staff Friendliness
B9: 46177 | C9: Willow Grove | D9: 4 | E9: Wait Time
B10: 46154 | C10: Willow Grove | D10: 5 | E10: Wait Time
B11: 46168 | C11: Bensalem Main | D11: 5 | E11: Product Knowledge
B12: 46214 | C12: Doylestown | D12: 4 | E12: Digital Banking
B13: 46193 | C13: Levittown | D13: 3 | E13: Staff Friendliness
B14: 46202 | C14: Doylestown | D14: 5 | E14: Product Knowledge
... B72: 46200 | C72: Bensalem Main | D72: 5 | E72: Staff Friendliness
