Workbook

Sheet Dashboard
B2: Operations Performance Dashboard
B3: Daily volume, productivity, defect rate, staffing variance, and issue tracking for leadership review
C5: TOTAL VOLUME | E5: AVG PRODUCTIVITY | G5: ON-TIME % | I5: AVG DEFECT RATE
C6: =SUM(Daily_Ops_Data!D3:D98) -> 2078661 | E6: =AVERAGE(Daily_Ops_Data!J3:J98) -> 41.637308 | G6: =AVERAGE(Daily_Ops_Data!G3:G98) -> 0.93504375 | I6: =AVERAGE(Daily_Ops_Data!L3:L98) -> 0.0061362672
C9: VOLUME VARIANCE | E9: AVG STAFFING VAR | G9: OPEN ISSUES | I9: RED DAYS (30D)
C10: =(SUM(Daily_Ops_Data!D3:D98)-SUM(Daily_Ops_Data!C3:C98))/SUM(Daily_Ops_Data!C3:C98) -> -0.012351187 | E10: =AVERAGE(Daily_Ops_Data!H3:H98)-AVERAGE(Daily_Ops_Data!I3:I98) -> -0.27083333 | G10: =COUNTIF(Issue_Log!F3:F30,"Open") -> 7 | I10: =COUNTIFS(Daily_Ops_Data!M3:M98,"Red",Daily_Ops_Data!B3:B98,">="&DATE(2026,7,21)-30) -> 14
C14: Volume: Plan vs Actual | F14: Issues by Type | I14: Defect Rate by Week
C15: W3 | D15: =SUMPRODUCT((Daily_Ops_Data!B3:B98>=DATE(2026,6,10))*(Daily_Ops_Data!B3:B98<=DATE(2026,6,16))*Daily_Ops_Data!C3:C98) -> 150711 | E15: =SUMPRODUCT((Daily_Ops_Data!B3:B98>=DATE(2026,6,10))*(Daily_Ops_Data!B3:B98<=DATE(2026,6,16))*Daily_Ops_Data!D3:D98) -> 150723 | F15: Equipment Failure | G15: =COUNTIF(Issue_Log!D3:D30,F15) -> 4 | I15: W3 | J15: =IFERROR(AVERAGEIFS(Daily_Ops_Data!L3:L98,Daily_Ops_Data!B3:B98,">="&DATE(2026,6,10),Daily_Ops_Data!B3:B98,"<="&DATE(2026,6,16)),0) -> 0.0063536133
C16: W4 | D16: =SUMPRODUCT((Daily_Ops_Data!B3:B98>=DATE(2026,6,17))*(Daily_Ops_Data!B3:B98<=DATE(2026,6,23))*Daily_Ops_Data!C3:C98) -> 169254 | E16: =SUMPRODUCT((Daily_Ops_Data!B3:B98>=DATE(2026,6,17))*(Daily_Ops_Data!B3:B98<=DATE(2026,6,23))*Daily_Ops_Data!D3:D98) -> 170088 | F16: Staffing Shortfall | G16: =COUNTIF(Issue_Log!D3:D30,F16) -> 1 | I16: W4 | J16: =IFERROR(AVERAGEIFS(Daily_Ops_Data!L3:L98,Daily_Ops_Data!B3:B98,">="&DATE(2026,6,17),Daily_Ops_Data!B3:B98,"<="&DATE(2026,6,23)),0) -> 0.0057711458
C17: W5 | D17: =SUMPRODUCT((Daily_Ops_Data!B3:B98>=DATE(2026,6,24))*(Daily_Ops_Data!B3:B98<=DATE(2026,6,30))*Daily_Ops_Data!C3:C98) -> 147061 | E17: =SUMPRODUCT((Daily_Ops_Data!B3:B98>=DATE(2026,6,24))*(Daily_Ops_Data!B3:B98<=DATE(2026,6,30))*Daily_Ops_Data!D3:D98) -> 141449 | F17: Inbound Delay | G17: =COUNTIF(Issue_Log!D3:D30,F17) -> 4 | I17: W5 | J17: =IFERROR(AVERAGEIFS(Daily_Ops_Data!L3:L98,Daily_Ops_Data!B3:B98,">="&DATE(2026,6,24),Daily_Ops_Data!B3:B98,"<="&DATE(2026,6,30)),0) -> 0.0074070699
C18: W6 | D18: =SUMPRODUCT((Daily_Ops_Data!B3:B98>=DATE(2026,7,1))*(Daily_Ops_Data!B3:B98<=DATE(2026,7,7))*Daily_Ops_Data!C3:C98) -> 154209 | E18: =SUMPRODUCT((Daily_Ops_Data!B3:B98>=DATE(2026,7,1))*(Daily_Ops_Data!B3:B98<=DATE(2026,7,7))*Daily_Ops_Data!D3:D98) -> 148266 | F18: System Outage | G18: =COUNTIF(Issue_Log!D3:D30,F18) -> 4 | I18: W6 | J18: =IFERROR(AVERAGEIFS(Daily_Ops_Data!L3:L98,Daily_Ops_Data!B3:B98,">="&DATE(2026,7,1),Daily_Ops_Data!B3:B98,"<="&DATE(2026,7,7)),0) -> 0.0072225562
C19: W7 | D19: =SUMPRODUCT((Daily_Ops_Data!B3:B98>=DATE(2026,7,8))*(Daily_Ops_Data!B3:B98<=DATE(2026,7,14))*Daily_Ops_Data!C3:C98) -> 139898 | E19: =SUMPRODUCT((Daily_Ops_Data!B3:B98>=DATE(2026,7,8))*(Daily_Ops_Data!B3:B98<=DATE(2026,7,14))*Daily_Ops_Data!D3:D98) -> 141259 | F19: Quality Escalation | G19: =COUNTIF(Issue_Log!D3:D30,F19) -> 3 | I19: W7 | J19: =IFERROR(AVERAGEIFS(Daily_Ops_Data!L3:L98,Daily_Ops_Data!B3:B98,">="&DATE(2026,7,8),Daily_Ops_Data!B3:B98,"<="&DATE(2026,7,14)),0) -> 0.0061762665
C20: W8 | D20: =SUMPRODUCT((Daily_Ops_Data!B3:B98>=DATE(2026,7,15))*(Daily_Ops_Data!B3:B98<=DATE(2026,7,21))*Daily_Ops_Data!C3:C98) -> 167662 | E20: =SUMPRODUCT((Daily_Ops_Data!B3:B98>=DATE(2026,7,15))*(Daily_Ops_Data!B3:B98<=DATE(2026,7,21))*Daily_Ops_Data!D3:D98) -> 164318 | F20: Safety Incident | G20: =COUNTIF(Issue_Log!D3:D30,F20) -> 8 | I20: W8 | J20: =IFERROR(AVERAGEIFS(Daily_Ops_Data!L3:L98,Daily_Ops_Data!B3:B98,">="&DATE(2026,7,15),Daily_Ops_Data!B3:B98,"<="&DATE(2026,7,21)),0) -> 0.0048931129
F21: Volume Spike | G21: =COUNTIF(Issue_Log!D3:D30,F21) -> 4
C40: Note: Productivity, variance, defect rate, and RAG status are live Excel formulas. RAG = Red if on-time <90% or variance <-5%. Sample data modeled on Amazon logistics operations.

Sheet Daily_Ops_Data
B2: Date | C2: Volume Planned | D2: Volume Actual | E2: Labor Hours | F2: Defects | G2: On-Time % | H2: HC Planned | I2: HC Actual | J2: Productivity | K2: Variance % | L2: Defect Rate | M2: RAG
B3: 46129 | C3: 19351 | D3: 18863 | E3: 558 | F3: 202 | G3: 0.9123 | H3: 61 | I3: 65 | J3: =D3/E3 -> 33.804659 | K3: =(D3-C3)/C3 -> -0.025218335 | L3: =F3/D3 -> 0.010708795 | M3: =IF(OR(G3<0.9,K3<-0.05),"Red",IF(OR(G3<0.95,K3<-0.02),"Amber","Green")) -> Amber
B4: 46130 | C4: 21888 | D4: 22996 | E4: 613 | F4: 86 | G4: 0.9381 | H4: 62 | I4: 66 | J4: =D4/E4 -> 37.513866 | K4: =(D4-C4)/C4 -> 0.050621345 | L4: =F4/D4 -> 0.0037397808 | M4: =IF(OR(G4<0.9,K4<-0.05),"Red",IF(OR(G4<0.95,K4<-0.02),"Amber","Green")) -> Amber
B5: 46131 | C5: 18026 | D5: 15883 | E5: 494 | F5: 189 | G5: 0.9292 | H5: 59 | I5: 63 | J5: =D5/E5 -> 32.151822 | K5: =(D5-C5)/C5 -> -0.11888383 | L5: =F5/D5 -> 0.011899515 | M5: =IF(OR(G5<0.9,K5<-0.05),"Red",IF(OR(G5<0.95,K5<-0.02),"Amber","Green")) -> Red
B6: 46132 | C6: 24154 | D6: 22905 | E6: 604 | F6: 217 | G6: 0.8849 | H6: 78 | I6: 82 | J6: =D6/E6 -> 37.922185 | K6: =(D6-C6)/C6 -> -0.051709862 | L6: =F6/D6 -> 0.009473914 | M6: =IF(OR(G6<0.9,K6<-0.05),"Red",IF(OR(G6<0.95,K6<-0.02),"Amber","Green")) -> Red
B7: 46133 | C7: 25168 | D7: 24634 | E7: 543 | F7: 48 | G7: 0.99 | H7: 72 | I7: 71 | J7: =D7/E7 -> 45.366483 | K7: =(D7-C7)/C7 -> -0.021217419 | L7: =F7/D7 -> 0.0019485264 | M7: =IF(OR(G7<0.9,K7<-0.05),"Red",IF(OR(G7<0.95,K7<-0.02),"Amber","Green")) -> Amber
B8: 46134 | C8: 23684 | D8: 21958 | E8: 550 | F8: 134 | G8: 0.8827 | H8: 78 | I8: 83 | J8: =D8/E8 -> 39.923636 | K8: =(D8-C8)/C8 -> -0.072876203 | L8: =F8/D8 -> 0.0061025594 | M8: =IF(OR(G8<0.9,K8<-0.05),"Red",IF(OR(G8<0.95,K8<-0.02),"Amber","Green")) -> Red
B9: 46135 | C9: 18724 | D9: 17035 | E9: 582 | F9: 45 | G9: 0.9321 | H9: 72 | I9: 75 | J9: =D9/E9 -> 29.269759 | K9: =(D9-C9)/C9 -> -0.090205084 | L9: =F9/D9 -> 0.0026416202 | M9: =IF(OR(G9<0.9,K9<-0.05),"Red",IF(OR(G9<0.95,K9<-0.02),"Amber","Green")) -> Red
B10: 46136 | C10: 20809 | D10: 20252 | E10: 517 | F10: 87 | G10: 0.9565 | H10: 70 | I10: 75 | J10: =D10/E10 -> 39.172147 | K10: =(D10-C10)/C10 -> -0.026767264 | L10: =F10/D10 -> 0.004295872 | M10: =IF(OR(G10<0.9,K10<-0.05),"Red",IF(OR(G10<0.95,K10<-0.02),"Amber","Green")) -> Amber
B11: 46137 | C11: 24718 | D11: 23480 | E11: 435 | F11: 90 | G11: 0.904 | H11: 80 | I11: 86 | J11: =D11/E11 -> 53.977011 | K11: =(D11-C11)/C11 -> -0.050084958 | L11: =F11/D11 -> 0.0038330494 | M11: =IF(OR(G11<0.9,K11<-0.05),"Red",IF(OR(G11<0.95,K11<-0.02),"Amber","Green")) -> Red
B12: 46138 | C12: 23390 | D12: 24281 | E12: 610 | F12: 188 | G12: 0.9937 | H12: 57 | I12: 50 | J12: =D12/E12 -> 39.804918 | K12: =(D12-C12)/C12 -> 0.038093202 | L12: =F12/D12 -> 0.0077426795 | M12: =IF(OR(G12<0.9,K12<-0.05),"Red",IF(OR(G12<0.95,K12<-0.02),"Amber","Green")) -> Green
B13: 46139 | C13: 22588 | D13: 22339 | E13: 532 | F13: 139 | G13: 0.9031 | H13: 59 | I13: 65 | J13: =D13/E13 -> 41.990602 | K13: =(D13-C13)/C13 -> -0.011023552 | L13: =F13/D13 -> 0.0062223018 | M13: =IF(OR(G13<0.9,K13<-0.05),"Red",IF(OR(G13<0.95,K13<-0.02),"Amber","Green")) -> Amber
B14: 46140 | C14: 22389 | D14: 21866 | E14: 478 | F14: 155 | G14: 0.9377 | H14: 65 | I14: 64 | J14: =D14/E14 -> 45.74477 | K14: =(D14-C14)/C14 -> -0.023359686 | L14: =F14/D14 -> 0.0070886308 | M14: =IF(OR(G14<0.9,K14<-0.05),"Red",IF(OR(G14<0.95,K14<-0.02),"Amber","Green")) -> Amber
... B98: 46224 | C98: 24808 | D98: 26438 | E98: 473 | F98: 214 | G98: 0.951 | H98: 75 | I98: 70 | J98: =D98/E98 -> 55.894292 | K98: =(D98-C98)/C98 -> 0.065704611 | L98: =F98/D98 -> 0.0080944096 | M98: =IF(OR(G98<0.9,K98<-0.05),"Red",IF(OR(G98<0.95,K98<-0.02),"Amber","Green")) -> Green

Sheet Shift_Performance
B2: Date | C2: Shift | D2: HC Planned | E2: HC Actual | F2: Volume Processed | G2: Labor Hours | H2: Staffing Var | I2: Productivity
B3: 46208 | C3: Night Shift B | D3: 15 | E3: 13 | F3: 5538 | G3: 101 | H3: =(E3-D3)/D3 -> -0.13333333 | I3: =F3/G3 -> 54.831683
B4: 46218 | C4: Weekend Shift | D4: 12 | E4: 14 | F4: 7188 | G4: 83 | H4: =(E4-D4)/D4 -> 0.16666667 | I4: =F4/G4 -> 86.60241
B5: 46213 | C5: Day Shift A | D5: 12 | E5: 10 | F5: 6952 | G5: 76 | H5: =(E5-D5)/D5 -> -0.16666667 | I5: =F5/G5 -> 91.473684
B6: 46216 | C6: Weekend Shift | D6: 18 | E6: 15 | F6: 4004 | G6: 100 | H6: =(E6-D6)/D6 -> -0.16666667 | I6: =F6/G6 -> 40.04
B7: 46204 | C7: Night Shift B | D7: 20 | E7: 17 | F7: 6468 | G7: 79 | H7: =(E7-D7)/D7 -> -0.15 | I7: =F7/G7 -> 81.873418
B8: 46209 | C8: Day Shift A | D8: 20 | E8: 21 | F8: 5747 | G8: 85 | H8: =(E8-D8)/D8 -> 0.05 | I8: =F8/G8 -> 67.611765
B9: 46204 | C9: Night Shift B | D9: 17 | E9: 15 | F9: 4918 | G9: 86 | H9: =(E9-D9)/D9 -> -0.11764706 | I9: =F9/G9 -> 57.186047
B10: 46204 | C10: Day Shift B | D10: 22 | E10: 22 | F10: 6444 | G10: 91 | H10: =(E10-D10)/D10 -> 0 | I10: =F10/G10 -> 70.813187
B11: 46210 | C11: Night Shift B | D11: 15 | E11: 12 | F11: 6990 | G11: 96 | H11: =(E11-D11)/D11 -> -0.2 | I11: =F11/G11 -> 72.8125
B12: 46198 | C12: Day Shift A | D12: 15 | E12: 16 | F12: 7195 | G12: 93 | H12: =(E12-D12)/D12 -> 0.066666667 | I12: =F12/G12 -> 77.365591
B13: 46213 | C13: Night Shift A | D13: 19 | E13: 17 | F13: 4176 | G13: 71 | H13: =(E13-D13)/D13 -> -0.10526316 | I13: =F13/G13 -> 58.816901
B14: 46214 | C14: Night Shift B | D14: 17 | E14: 16 | F14: 4382 | G14: 109 | H14: =(E14-D14)/D14 -> -0.058823529 | I14: =F14/G14 -> 40.201835
... B47: 46206 | C47: Night Shift A | D47: 16 | E47: 18 | F47: 5326 | G47: 105 | H47: =(E47-D47)/D47 -> 0.125 | I47: =F47/G47 -> 50.72381

Sheet Issue_Log
B2: Issue ID | C2: Date Logged | D2: Issue Type | E2: Severity | F2: Status | G2: Owner | H2: Age (Days)
B3: ISS0001 | C3: 46198 | D3: Volume Spike | E3: Medium | F3: Resolved | G3: Operations | H3: =IF(F3="Resolved",0,DATE(2026,7,21)-C3) -> 0
B4: ISS0002 | C4: 46207 | D4: Inbound Delay | E4: Low | F4: In Progress | G4: IT | H4: =IF(F4="Resolved",0,DATE(2026,7,21)-C4) -> 17
B5: ISS0003 | C5: 46195 | D5: Safety Incident | E5: Critical | F5: Resolved | G5: IT | H5: =IF(F5="Resolved",0,DATE(2026,7,21)-C5) -> 0
B6: ISS0004 | C6: 46202 | D6: Staffing Shortfall | E6: Medium | F6: Resolved | G6: IT | H6: =IF(F6="Resolved",0,DATE(2026,7,21)-C6) -> 0
B7: ISS0005 | C7: 46211 | D7: Safety Incident | E7: Low | F7: Open | G7: Maintenance | H7: =IF(F7="Resolved",0,DATE(2026,7,21)-C7) -> 13
B8: ISS0006 | C8: 46224 | D8: Inbound Delay | E8: Low | F8: Resolved | G8: Maintenance | H8: =IF(F8="Resolved",0,DATE(2026,7,21)-C8) -> 0
B9: ISS0007 | C9: 46192 | D9: Equipment Failure | E9: Low | F9: Open | G9: IT | H9: =IF(F9="Resolved",0,DATE(2026,7,21)-C9) -> 32
B10: ISS0008 | C10: 46188 | D10: Safety Incident | E10: Medium | F10: Resolved | G10: IT | H10: =IF(F10="Resolved",0,DATE(2026,7,21)-C10) -> 0
B11: ISS0009 | C11: 46185 | D11: Safety Incident | E11: Low | F11: Resolved | G11: Operations | H11: =IF(F11="Resolved",0,DATE(2026,7,21)-C11) -> 0
B12: ISS0010 | C12: 46213 | D12: Safety Incident | E12: Low | F12: Open | G12: Maintenance | H12: =IF(F12="Resolved",0,DATE(2026,7,21)-C12) -> 11
B13: ISS0011 | C13: 46199 | D13: System Outage | E13: High | F13: Resolved | G13: Operations | H13: =IF(F13="Resolved",0,DATE(2026,7,21)-C13) -> 0
B14: ISS0012 | C14: 46209 | D14: Inbound Delay | E14: Low | F14: In Progress | G14: Safety | H14: =IF(F14="Resolved",0,DATE(2026,7,21)-C14) -> 15
... B30: ISS0028 | C30: 46184 | D30: Volume Spike | E30: Low | F30: Resolved | G30: Maintenance | H30: =IF(F30="Resolved",0,DATE(2026,7,21)-C30) -> 0

Sheet Leadership_Summary
B2: Leadership Weekly Summary
B3: Week | C3: Volume Planned | D3: Volume Actual | E3: Avg Productivity | F3: Defect Rate | G3: On-Time % | H3: Open Issues | I3: RAG
B4: Week 1 | C4: =SUMPRODUCT((Daily_Ops_Data!B3:B98>=DATE(2026,5,27))*(Daily_Ops_Data!B3:B98<=DATE(2026,6,2))*Daily_Ops_Data!C3:C98) -> 158632 | D4: =SUMPRODUCT((Daily_Ops_Data!B3:B98>=DATE(2026,5,27))*(Daily_Ops_Data!B3:B98<=DATE(2026,6,2))*Daily_Ops_Data!D3:D98) -> 158516 | E4: =IFERROR(AVERAGEIFS(Daily_Ops_Data!J3:J98,Daily_Ops_Data!B3:B98,">="&DATE(2026,5,27),Daily_Ops_Data!B3:B98,"<="&DATE(2026,6,2)),0) -> 42.060184 | F4: =IFERROR(AVERAGEIFS(Daily_Ops_Data!L3:L98,Daily_Ops_Data!B3:B98,">="&DATE(2026,5,27),Daily_Ops_Data!B3:B98,"<="&DATE(2026,6,2)),0) -> 0.0061236009 | G4: =IFERROR(AVERAGEIFS(Daily_Ops_Data!G3:G98,Daily_Ops_Data!B3:B98,">="&DATE(2026,5,27),Daily_Ops_Data!B3:B98,"<="&DATE(2026,6,2)),0) -> 0.93642857 | H4: =SUMPRODUCT((Issue_Log!C3:C30>=DATE(2026,5,27))*(Issue_Log!C3:C30<=DATE(2026,6,2))) -> 0 | I4: =IF(OR(G4<0.9,F4>0.01),"Red",IF(OR(G4<0.95,F4>0.007),"Amber","Green")) -> Amber
B5: Week 2 | C5: =SUMPRODUCT((Daily_Ops_Data!B3:B98>=DATE(2026,6,3))*(Daily_Ops_Data!B3:B98<=DATE(2026,6,9))*Daily_Ops_Data!C3:C98) -> 153853 | D5: =SUMPRODUCT((Daily_Ops_Data!B3:B98>=DATE(2026,6,3))*(Daily_Ops_Data!B3:B98<=DATE(2026,6,9))*Daily_Ops_Data!D3:D98) -> 152226 | E5: =IFERROR(AVERAGEIFS(Daily_Ops_Data!J3:J98,Daily_Ops_Data!B3:B98,">="&DATE(2026,6,3),Daily_Ops_Data!B3:B98,"<="&DATE(2026,6,9)),0) -> 37.713665 | F5: =IFERROR(AVERAGEIFS(Daily_Ops_Data!L3:L98,Daily_Ops_Data!B3:B98,">="&DATE(2026,6,3),Daily_Ops_Data!B3:B98,"<="&DATE(2026,6,9)),0) -> 0.0057345315 | G5: =IFERROR(AVERAGEIFS(Daily_Ops_Data!G3:G98,Daily_Ops_Data!B3:B98,">="&DATE(2026,6,3),Daily_Ops_Data!B3:B98,"<="&DATE(2026,6,9)),0) -> 0.9434 | H5: =SUMPRODUCT((Issue_Log!C3:C30>=DATE(2026,6,3))*(Issue_Log!C3:C30<=DATE(2026,6,9))) -> 0 | I5: =IF(OR(G5<0.9,F5>0.01),"Red",IF(OR(G5<0.95,F5>0.007),"Amber","Green")) -> Amber
B6: Week 3 | C6: =SUMPRODUCT((Daily_Ops_Data!B3:B98>=DATE(2026,6,10))*(Daily_Ops_Data!B3:B98<=DATE(2026,6,16))*Daily_Ops_Data!C3:C98) -> 150711 | D6: =SUMPRODUCT((Daily_Ops_Data!B3:B98>=DATE(2026,6,10))*(Daily_Ops_Data!B3:B98<=DATE(2026,6,16))*Daily_Ops_Data!D3:D98) -> 150723 | E6: =IFERROR(AVERAGEIFS(Daily_Ops_Data!J3:J98,Daily_Ops_Data!B3:B98,">="&DATE(2026,6,10),Daily_Ops_Data!B3:B98,"<="&DATE(2026,6,16)),0) -> 42.59174 | F6: =IFERROR(AVERAGEIFS(Daily_Ops_Data!L3:L98,Daily_Ops_Data!B3:B98,">="&DATE(2026,6,10),Daily_Ops_Data!B3:B98,"<="&DATE(2026,6,16)),0) -> 0.0063536133 | G6: =IFERROR(AVERAGEIFS(Daily_Ops_Data!G3:G98,Daily_Ops_Data!B3:B98,">="&DATE(2026,6,10),Daily_Ops_Data!B3:B98,"<="&DATE(2026,6,16)),0) -> 0.9337 | H6: =SUMPRODUCT((Issue_Log!C3:C30>=DATE(2026,6,10))*(Issue_Log!C3:C30<=DATE(2026,6,16))) -> 7 | I6: =IF(OR(G6<0.9,F6>0.01),"Red",IF(OR(G6<0.95,F6>0.007),"Amber","Green")) -> Amber
B7: Week 4 | C7: =SUMPRODUCT((Daily_Ops_Data!B3:B98>=DATE(2026,6,17))*(Daily_Ops_Data!B3:B98<=DATE(2026,6,23))*Daily_Ops_Data!C3:C98) -> 169254 | D7: =SUMPRODUCT((Daily_Ops_Data!B3:B98>=DATE(2026,6,17))*(Daily_Ops_Data!B3:B98<=DATE(2026,6,23))*Daily_Ops_Data!D3:D98) -> 170088 | E7: =IFERROR(AVERAGEIFS(Daily_Ops_Data!J3:J98,Daily_Ops_Data!B3:B98,">="&DATE(2026,6,17),Daily_Ops_Data!B3:B98,"<="&DATE(2026,6,23)),0) -> 46.356421 | F7: =IFERROR(AVERAGEIFS(Daily_Ops_Data!L3:L98,Daily_Ops_Data!B3:B98,">="&DATE(2026,6,17),Daily_Ops_Data!B3:B98,"<="&DATE(2026,6,23)),0) -> 0.0057711458 | G7: =IFERROR(AVERAGEIFS(Daily_Ops_Data!G3:G98,Daily_Ops_Data!B3:B98,">="&DATE(2026,6,17),Daily_Ops_Data!B3:B98,"<="&DATE(2026,6,23)),0) -> 0.93575714 | H7: =SUMPRODUCT((Issue_Log!C3:C30>=DATE(2026,6,17))*(Issue_Log!C3:C30<=DATE(2026,6,23))) -> 6 | I7: =IF(OR(G7<0.9,F7>0.01),"Red",IF(OR(G7<0.95,F7>0.007),"Amber","Green")) -> Amber
B8: Week 5 | C8: =SUMPRODUCT((Daily_Ops_Data!B3:B98>=DATE(2026,6,24))*(Daily_Ops_Data!B3:B98<=DATE(2026,6,30))*Daily_Ops_Data!C3:C98) -> 147061 | D8: =SUMPRODUCT((Daily_Ops_Data!B3:B98>=DATE(2026,6,24))*(Daily_Ops_Data!B3:B98<=DATE(2026,6,30))*Daily_Ops_Data!D3:D98) -> 141449 | E8: =IFERROR(AVERAGEIFS(Daily_Ops_Data!J3:J98,Daily_Ops_Data!B3:B98,">="&DATE(2026,6,24),Daily_Ops_Data!B3:B98,"<="&DATE(2026,6,30)),0) -> 38.922966 | F8: =IFERROR(AVERAGEIFS(Daily_Ops_Data!L3:L98,Daily_Ops_Data!B3:B98,">="&DATE(2026,6,24),Daily_Ops_Data!B3:B98,"<="&DATE(2026,6,30)),0) -> 0.0074070699 | G8: =IFERROR(AVERAGEIFS(Daily_Ops_Data!G3:G98,Daily_Ops_Data!B3:B98,">="&DATE(2026,6,24),Daily_Ops_Data!B3:B98,"<="&DATE(2026,6,30)),0) -> 0.94244286 | H8: =SUMPRODUCT((Issue_Log!C3:C30>=DATE(2026,6,24))*(Issue_Log!C3:C30<=DATE(2026,6,30))) -> 4 | I8: =IF(OR(G8<0.9,F8>0.01),"Red",IF(OR(G8<0.95,F8>0.007),"Amber","Green")) -> Amber
B9: Week 6 | C9: =SUMPRODUCT((Daily_Ops_Data!B3:B98>=DATE(2026,7,1))*(Daily_Ops_Data!B3:B98<=DATE(2026,7,7))*Daily_Ops_Data!C3:C98) -> 154209 | D9: =SUMPRODUCT((Daily_Ops_Data!B3:B98>=DATE(2026,7,1))*(Daily_Ops_Data!B3:B98<=DATE(2026,7,7))*Daily_Ops_Data!D3:D98) -> 148266 | E9: =IFERROR(AVERAGEIFS(Daily_Ops_Data!J3:J98,Daily_Ops_Data!B3:B98,">="&DATE(2026,7,1),Daily_Ops_Data!B3:B98,"<="&DATE(2026,7,7)),0) -> 39.550875 | F9: =IFERROR(AVERAGEIFS(Daily_Ops_Data!L3:L98,Daily_Ops_Data!B3:B98,">="&DATE(2026,7,1),Daily_Ops_Data!B3:B98,"<="&DATE(2026,7,7)),0) -> 0.0072225562 | G9: =IFERROR(AVERAGEIFS(Daily_Ops_Data!G3:G98,Daily_Ops_Data!B3:B98,">="&DATE(2026,7,1),Daily_Ops_Data!B3:B98,"<="&DATE(2026,7,7)),0) -> 0.94451429 | H9: =SUMPRODUCT((Issue_Log!C3:C30>=DATE(2026,7,1))*(Issue_Log!C3:C30<=DATE(2026,7,7))) -> 4 | I9: =IF(OR(G9<0.9,F9>0.01),"Red",IF(OR(G9<0.95,F9>0.007),"Amber","Green")) -> Amber
B10: Week 7 | C10: =SUMPRODUCT((Daily_Ops_Data!B3:B98>=DATE(2026,7,8))*(Daily_Ops_Data!B3:B98<=DATE(2026,7,14))*Daily_Ops_Data!C3:C98) -> 139898 | D10: =SUMPRODUCT((Daily_Ops_Data!B3:B98>=DATE(2026,7,8))*(Daily_Ops_Data!B3:B98<=DATE(2026,7,14))*Daily_Ops_Data!D3:D98) -> 141259 | E10: =IFERROR(AVERAGEIFS(Daily_Ops_Data!J3:J98,Daily_Ops_Data!B3:B98,">="&DATE(2026,7,8),Daily_Ops_Data!B3:B98,"<="&DATE(2026,7,14)),0) -> 38.246433 | F10: =IFERROR(AVERAGEIFS(Daily_Ops_Data!L3:L98,Daily_Ops_Data!B3:B98,">="&DATE(2026,7,8),Daily_Ops_Data!B3:B98,"<="&DATE(2026,7,14)),0) -> 0.0061762665 | G10: =IFERROR(AVERAGEIFS(Daily_Ops_Data!G3:G98,Daily_Ops_Data!B3:B98,">="&DATE(2026,7,8),Daily_Ops_Data!B3:B98,"<="&DATE(2026,7,14)),0) -> 0.92834286 | H10: =SUMPRODUCT((Issue_Log!C3:C30>=DATE(2026,7,8))*(Issue_Log!C3:C30<=DATE(2026,7,14))) -> 4 | I10: =IF(OR(G10<0.9,F10>0.01),"Red",IF(OR(G10<0.95,F10>0.007),"Amber","Green")) -> Amber
B11: Week 8 | C11: =SUMPRODUCT((Daily_Ops_Data!B3:B98>=DATE(2026,7,15))*(Daily_Ops_Data!B3:B98<=DATE(2026,7,21))*Daily_Ops_Data!C3:C98) -> 167662 | D11: =SUMPRODUCT((Daily_Ops_Data!B3:B98>=DATE(2026,7,15))*(Daily_Ops_Data!B3:B98<=DATE(2026,7,21))*Daily_Ops_Data!D3:D98) -> 164318 | E11: =IFERROR(AVERAGEIFS(Daily_Ops_Data!J3:J98,Daily_Ops_Data!B3:B98,">="&DATE(2026,7,15),Daily_Ops_Data!B3:B98,"<="&DATE(2026,7,21)),0) -> 44.717062 | F11: =IFERROR(AVERAGEIFS(Daily_Ops_Data!L3:L98,Daily_Ops_Data!B3:B98,">="&DATE(2026,7,15),Daily_Ops_Data!B3:B98,"<="&DATE(2026,7,21)),0) -> 0.0048931129 | G11: =IFERROR(AVERAGEIFS(Daily_Ops_Data!G3:G98,Daily_Ops_Data!B3:B98,">="&DATE(2026,7,15),Daily_Ops_Data!B3:B98,"<="&DATE(2026,7,21)),0) -> 0.9472 | H11: =SUMPRODUCT((Issue_Log!C3:C30>=DATE(2026,7,15))*(Issue_Log!C3:C30<=DATE(2026,7,21))) -> 3 | I11: =IF(OR(G11<0.9,F11>0.01),"Red",IF(OR(G11<0.95,F11>0.007),"Amber","Green")) -> Amber
